[{"pk": 1, "model": "contenttypes.contenttype", "fields": {"model": "permission", "name": "permission", "app_label": "auth"}}, {"pk": 2, "model": "contenttypes.contenttype", "fields": {"model": "group", "name": "group", "app_label": "auth"}}, {"pk": 3, "model": "contenttypes.contenttype", "fields": {"model": "user", "name": "user", "app_label": "auth"}}, {"pk": 4, "model": "contenttypes.contenttype", "fields": {"model": "contenttype", "name": "content type", "app_label": "contenttypes"}}, {"pk": 5, "model": "contenttypes.contenttype", "fields": {"model": "redirect", "name": "redirect", "app_label": "redirects"}}, {"pk": 6, "model": "contenttypes.contenttype", "fields": {"model": "session", "name": "session", "app_label": "sessions"}}, {"pk": 7, "model": "contenttypes.contenttype", "fields": {"model": "site", "name": "site", "app_label": "sites"}}, {"pk": 8, "model": "contenttypes.contenttype", "fields": {"model": "product", "name": "Product", "app_label": "shop"}}, {"pk": 9, "model": "contenttypes.contenttype", "fields": {"model": "productimage", "name": "Image", "app_label": "shop"}}, {"pk": 10, "model": "contenttypes.contenttype", "fields": {"model": "productoption", "name": "Product option", "app_label": "shop"}}, {"pk": 11, "model": "contenttypes.contenttype", "fields": {"model": "productvariation", "name": "product variation", "app_label": "shop"}}, {"pk": 12, "model": "contenttypes.contenttype", "fields": {"model": "category", "name": "Product category", "app_label": "shop"}}, {"pk": 13, "model": "contenttypes.contenttype", "fields": {"model": "order", "name": "Order", "app_label": "shop"}}, {"pk": 14, "model": "contenttypes.contenttype", "fields": {"model": "cart", "name": "cart", "app_label": "shop"}}, {"pk": 15, "model": "contenttypes.contenttype", "fields": {"model": "cartitem", "name": "cart item", "app_label": "shop"}}, {"pk": 16, "model": "contenttypes.contenttype", "fields": {"model": "orderitem", "name": "order item", "app_label": "shop"}}, {"pk": 17, "model": "contenttypes.contenttype", "fields": {"model": "productaction", "name": "product action", "app_label": "shop"}}, {"pk": 18, "model": "contenttypes.contenttype", "fields": {"model": "sale", "name": "Sale", "app_label": "shop"}}, {"pk": 19, "model": "contenttypes.contenttype", "fields": {"model": "discountcode", "name": "Discount code", "app_label": "shop"}}, {"pk": 20, "model": "contenttypes.contenttype", "fields": {"model": "setting", "name": "Setting", "app_label": "conf"}}, {"pk": 21, "model": "contenttypes.contenttype", "fields": {"model": "sitepermission", "name": "Site permission", "app_label": "core"}}, {"pk": 22, "model": "contenttypes.contenttype", "fields": {"model": "threadedcomment", "name": "Comment", "app_label": "generic"}}, {"pk": 23, "model": "contenttypes.contenttype", "fields": {"model": "keyword", "name": "Keyword", "app_label": "generic"}}, {"pk": 24, "model": "contenttypes.contenttype", "fields": {"model": "assignedkeyword", "name": "assigned keyword", "app_label": "generic"}}, {"pk": 25, "model": "contenttypes.contenttype", "fields": {"model": "rating", "name": "Rating", "app_label": "generic"}}, {"pk": 26, "model": "contenttypes.contenttype", "fields": {"model": "blogpost", "name": "Blog post", "app_label": "blog"}}, {"pk": 27, "model": "contenttypes.contenttype", "fields": {"model": "blogcategory", "name": "Blog Category", "app_label": "blog"}}, {"pk": 28, "model": "contenttypes.contenttype", "fields": {"model": "form", "name": "Form", "app_label": "forms"}}, {"pk": 29, "model": "contenttypes.contenttype", "fields": {"model": "field", "name": "Field", "app_label": "forms"}}, {"pk": 30, "model": "contenttypes.contenttype", "fields": {"model": "formentry", "name": "Form entry", "app_label": "forms"}}, {"pk": 31, "model": "contenttypes.contenttype", "fields": {"model": "fieldentry", "name": "Form field entry", "app_label": "forms"}}, {"pk": 32, "model": "contenttypes.contenttype", "fields": {"model": "page", "name": "Page", "app_label": "pages"}}, {"pk": 33, "model": "contenttypes.contenttype", "fields": {"model": "richtextpage", "name": "Rich text page", "app_label": "pages"}}, {"pk": 34, "model": "contenttypes.contenttype", "fields": {"model": "link", "name": "Link", "app_label": "pages"}}, {"pk": 35, "model": "contenttypes.contenttype", "fields": {"model": "gallery", "name": "Gallery", "app_label": "galleries"}}, {"pk": 36, "model": "contenttypes.contenttype", "fields": {"model": "galleryimage", "name": "Image", "app_label": "galleries"}}, {"pk": 37, "model": "contenttypes.contenttype", "fields": {"model": "query", "name": "Twitter query", "app_label": "twitter"}}, {"pk": 38, "model": "contenttypes.contenttype", "fields": {"model": "tweet", "name": "Tweet", "app_label": "twitter"}}, {"pk": 39, "model": "contenttypes.contenttype", "fields": {"model": "logentry", "name": "log entry", "app_label": "admin"}}, {"pk": 40, "model": "contenttypes.contenttype", "fields": {"model": "comment", "name": "comment", "app_label": "comments"}}, {"pk": 41, "model": "contenttypes.contenttype", "fields": {"model": "commentflag", "name": "comment flag", "app_label": "comments"}}, {"pk": 42, "model": "contenttypes.contenttype", "fields": {"model": "vote", "name": "vote", "app_label": "secretballot"}}, {"pk": 43, "model": "contenttypes.contenttype", "fields": {"model": "authorizeaimresponse", "name": "authorize aim response", "app_label": "billing"}}, {"pk": 44, "model": "contenttypes.contenttype", "fields": {"model": "gcnewordernotification", "name": "gc new order notification", "app_label": "billing"}}, {"pk": 45, "model": "contenttypes.contenttype", "fields": {"model": "worldpayresponse", "name": "world pay response", "app_label": "billing"}}, {"pk": 46, "model": "contenttypes.contenttype", "fields": {"model": "amazonfpsresponse", "name": "amazon fps response", "app_label": "billing"}}, {"pk": 47, "model": "contenttypes.contenttype", "fields": {"model": "paylanetransaction", "name": "paylane transaction", "app_label": "billing"}}, {"pk": 48, "model": "contenttypes.contenttype", "fields": {"model": "paylaneauthorization", "name": "paylane authorization", "app_label": "billing"}}, {"pk": 49, "model": "contenttypes.contenttype", "fields": {"model": "pincard", "name": "pin card", "app_label": "billing"}}, {"pk": 50, "model": "contenttypes.contenttype", "fields": {"model": "pincustomer", "name": "pin customer", "app_label": "billing"}}, {"pk": 51, "model": "contenttypes.contenttype", "fields": {"model": "pincharge", "name": "pin charge", "app_label": "billing"}}, {"pk": 52, "model": "contenttypes.contenttype", "fields": {"model": "pinrefund", "name": "pin refund", "app_label": "billing"}}, {"pk": "217k13i3tskg0ba74v3hzfr5xiutxgkn", "model": "sessions.session", "fields": {"expire_date": "2014-02-05T05:47:47.410Z", "session_data": "Mzg4YmFkM2E1ZWFjNDkwY2IxNGExNjQ0MThjZjg1NTczMjAxNGFlYjp7Il9hdXRoX3VzZXJfYmFja2VuZCI6Im1lenphbmluZS5jb3JlLmF1dGhfYmFja2VuZHMuTWV6emFuaW5lQmFja2VuZCIsIl9hdXRoX3VzZXJfaWQiOjF9"}}, {"pk": "2adg0onvhodk6y3xxtv4486pnpfncypt", "model": "sessions.session", "fields": {"expire_date": "2014-02-08T05:43:23.155Z", "session_data": "Mzg4YmFkM2E1ZWFjNDkwY2IxNGExNjQ0MThjZjg1NTczMjAxNGFlYjp7Il9hdXRoX3VzZXJfYmFja2VuZCI6Im1lenphbmluZS5jb3JlLmF1dGhfYmFja2VuZHMuTWV6emFuaW5lQmFja2VuZCIsIl9hdXRoX3VzZXJfaWQiOjF9"}}, {"pk": "5kmh8evl6r69jhqv0tktj55nuw5qwbzc", "model": "sessions.session", "fields": {"expire_date": "2014-03-28T01:30:41.619Z", "session_data": "NmY1ODhkNzk3MWI3OTRmNzU0NDIwYjhiMTY2MWYxMmE2NTBiMTNmNzqAAn1xAShYCQAAAHRheF90b3RhbHECSwBYCAAAAHRheF90eXBlcQNjZnV0dXJlLmJ1aWx0aW5zLmJhY2twb3J0cy5uZXdzdHIKbmV3c3RyCnEEWAMAAABUYXhxBYWBcQZ9cQdiWA4AAABzaGlwcGluZ190b3RhbHEISwBYBAAAAGNhcnRLA1gNAAAAc2hpcHBpbmdfdHlwZXEJaARYEgAAAERpZmYgcmF0ZSBzaGlwcGluZ3EKhYFxC31xDGJYBQAAAG9yZGVycQ19cQ4oVRdiaWxsaW5nX2RldGFpbF9wb3N0Y29kZXEPWAYAAAAxMDA4MTJxEFUJY2FyZF9uYW1lcRFYAAAAAFUIcmVtZW1iZXJxEohVF3NoaXBwaW5nX2RldGFpbF9jb3VudHJ5cRNYBQAAAGNoaW5hcRRYFwAAAGFkZGl0aW9uYWxfaW5zdHJ1Y3Rpb25zcRVYBgAAAGRlZGVkZXEWVRNiaWxsaW5nX2RldGFpbF9jaXR5cRdYAwAAAGRkZHEYVRVzaGlwcGluZ19kZXRhaWxfc3RhdGVxGVgDAAAAZGRkcRpVFmJpbGxpbmdfZGV0YWlsX2NvdW50cnlxG2gUVRRiaWxsaW5nX2RldGFpbF9zdGF0ZXEcaBpVFXNoaXBwaW5nX2RldGFpbF9waG9uZXEdWAsAAAAxODYwMDIxODE4NnEeVRRzaGlwcGluZ19kZXRhaWxfY2l0eXEfaBhVGHNoaXBwaW5nX2RldGFpbF9wb3N0Y29kZXEgaBBVFGJpbGxpbmdfZGV0YWlsX3Bob25lcSFoHlUZYmlsbGluZ19kZXRhaWxfZmlyc3RfbmFtZXEiWAMAAABkZGRxI1UWc2hpcHBpbmdfZGV0YWlsX3N0cmVldHEkWAMAAABkZGRxJVUZc2hpcHBpbmdfZGV0YWlsX2xhc3RfbmFtZXEmWAMAAABkZGRxJ1UVYmlsbGluZ19kZXRhaWxfc3RyZWV0cShoJVUac2hpcHBpbmdfZGV0YWlsX2ZpcnN0X25hbWVxKWgjVQRzdGVwcSpjZnV0dXJlLmJ1aWx0aW5zLmJhY2twb3J0cy5uZXdpbnQKbmV3aW50CnErigEChYFxLH1xLWJVCWNhcmRfdHlwZXEuWAAAAABVGGJpbGxpbmdfZGV0YWlsX2xhc3RfbmFtZXEvaCdYDQAAAGRpc2NvdW50X2NvZGVxMFgAAAAAVRRiaWxsaW5nX2RldGFpbF9lbWFpbHExWBYAAABkZG9uZ2ppYW4wMDBAc2luYS5jb21kcTJVFXNhbWVfYmlsbGluZ19zaGlwcGluZ3EziHV1Lg=="}}, {"pk": "5plppybu4hqu7cz1xqkh2xgmepjq3lci", "model": "sessions.session", "fields": {"expire_date": "2014-02-13T22:07:18.813Z", "session_data": "ZjI1YmNjMDNhZjZkMTdhMzRkNGQyZTllZTYzMzc3ZjZlMmM2NmQyNTp7InRheF90b3RhbCI6MCwiX2F1dGhfdXNlcl9pZCI6MSwidGF4X3R5cGUiOiJUYXgiLCJzaGlwcGluZ190b3RhbCI6MTAuMCwiX2F1dGhfdXNlcl9iYWNrZW5kIjoibWV6emFuaW5lLmNvcmUuYXV0aF9iYWNrZW5kcy5NZXp6YW5pbmVCYWNrZW5kIiwiY2FydCI6bnVsbCwic2hpcHBpbmdfdHlwZSI6IkZsYXQgcmF0ZSBzaGlwcGluZyIsIm9yZGVyIjp7InNoaXBwaW5nX2RldGFpbF9jb3VudHJ5IjoiQXVzdHJhbGlhIiwiYWRkaXRpb25hbF9pbnN0cnVjdGlvbnMiOiJuZXcgaG91c2UiLCJiaWxsaW5nX2RldGFpbF9jaXR5IjoibWVsYm91cm5lIiwiYmlsbGluZ19kZXRhaWxfY291bnRyeSI6IkF1c3RyYWxpYSIsInNoaXBwaW5nX2RldGFpbF9waG9uZSI6IjA0MjY4NTEyMzQiLCJzaGlwcGluZ19kZXRhaWxfY2l0eSI6Im1lbGJvdXJuZSIsInNoaXBwaW5nX2RldGFpbF9wb3N0Y29kZSI6IjEwMDYiLCJiaWxsaW5nX2RldGFpbF9waG9uZSI6IjA0MjY4NTEyMzQiLCJzaGlwcGluZ19kZXRhaWxfbGFzdF9uYW1lIjoieiIsImJpbGxpbmdfZGV0YWlsX3N0cmVldCI6Imx1Iiwic2hpcHBpbmdfZGV0YWlsX2ZpcnN0X25hbWUiOiJ0b28iLCJiaWxsaW5nX2RldGFpbF9sYXN0X25hbWUiOiJ6IiwiZGlzY291bnRfY29kZSI6IiIsImJpbGxpbmdfZGV0YWlsX3Bvc3Rjb2RlIjoiMTAwNiIsImNhcmRfbmFtZSI6IiIsInNoaXBwaW5nX2RldGFpbF9zdGF0ZSI6Im5ldyBzb3V0aCB3YWxlcyIsImJpbGxpbmdfZGV0YWlsX3N0YXRlIjoibmV3IHNvdXRoIHdhbGVzIiwiYmlsbGluZ19kZXRhaWxfZmlyc3RfbmFtZSI6InRvbyIsInNoaXBwaW5nX2RldGFpbF9zdHJlZXQiOiJsdSIsInJlbWVtYmVyIjp0cnVlLCJiaWxsaW5nX2RldGFpbF9lbWFpbCI6InpvdWx1Y2xhcmFAZ21haWwuY29tIiwiY2FyZF90eXBlIjoiIiwic2FtZV9iaWxsaW5nX3NoaXBwaW5nIjp0cnVlfX0="}}, {"pk": "63isliv4hph5cvw3ejuel00pisf6qso9", "model": "sessions.session", "fields": {"expire_date": "2014-02-11T21:59:00.255Z", "session_data": "Mzg4YmFkM2E1ZWFjNDkwY2IxNGExNjQ0MThjZjg1NTczMjAxNGFlYjp7Il9hdXRoX3VzZXJfYmFja2VuZCI6Im1lenphbmluZS5jb3JlLmF1dGhfYmFja2VuZHMuTWV6emFuaW5lQmFja2VuZCIsIl9hdXRoX3VzZXJfaWQiOjF9"}}, {"pk": "963lpxpuk1ggrxyuza3rzvkv1pdku0pi", "model": "sessions.session", "fields": {"expire_date": "2014-03-02T09:07:54.310Z", "session_data": "MzIxMDFmMGZkZDRiNzYyNzljM2IyY2M2YzI3MGJhOWQyMGNjZGU1Mzp7fQ=="}}, {"pk": "9awnzerbnazn7es308zgh2jab9qkcrjt", "model": "sessions.session", "fields": {"expire_date": "2014-02-06T09:06:16.767Z", "session_data": "YTJjMGM0MzcwOWMyZWU0Mjk4MGNmMjY4OTAxYTRhNWY4ZGE5YWRiMDp7ImZyZWVfc2hpcHBpbmciOnRydWUsIl9hdXRoX3VzZXJfaWQiOjEsInNoaXBwaW5nX3RvdGFsIjowLCJfYXV0aF91c2VyX2JhY2tlbmQiOiJtZXp6YW5pbmUuY29yZS5hdXRoX2JhY2tlbmRzLk1lenphbmluZUJhY2tlbmQiLCJkaXNjb3VudF90b3RhbCI6IjAuMzAwIiwiY2FydCI6bnVsbCwic2hpcHBpbmdfdHlwZSI6IkZyZWUgc2hpcHBpbmciLCJkaXNjb3VudF9jb2RlIjoiZGZkZmRmZWZkZmVlIn0="}}, {"pk": "av13c88zjfo9qe1xlryp48uht2cths44", "model": "sessions.session", "fields": {"expire_date": "2014-03-30T15:32:02.815Z", "session_data": "Njg0MjA1NGNhMTkwNWZlMjUwNGM2MjRmNDgzNDk2ZTM4MWJlOTYyMjqAAn1xAShYCQAAAHRheF90b3RhbEsAVQ1fYXV0aF91c2VyX2lkSwFYCAAAAHRheF90eXBlY2Z1dHVyZS5idWlsdGlucy5iYWNrcG9ydHMubmV3c3RyCm5ld3N0cgpxAlgDAAAAVGF4cQOFgXEEfXEFYlgOAAAAc2hpcHBpbmdfdG90YWxLAFgEAAAAY2FydEsBVRJfYXV0aF91c2VyX2JhY2tlbmRVLW1lenphbmluZS5jb3JlLmF1dGhfYmFja2VuZHMuTWV6emFuaW5lQmFja2VuZFgNAAAAc2hpcHBpbmdfdHlwZWgCWBIAAABEaWZmIHJhdGUgc2hpcHBpbmdxBoWBcQd9cQhiWAUAAABvcmRlcn1xCShVF3NoaXBwaW5nX2RldGFpbF9jb3VudHJ5cQpYBgAAAOS4reWbvXELWBcAAABhZGRpdGlvbmFsX2luc3RydWN0aW9uc3EMWAAAAABVE2JpbGxpbmdfZGV0YWlsX2NpdHlxDVgFAAAAYXNkc2RxDlUWYmlsbGluZ19kZXRhaWxfY291bnRyeXEPaAtVFXNoaXBwaW5nX2RldGFpbF9waG9uZXEQWAsAAAAxODYwMDIxODE4NnERVRRzaGlwcGluZ19kZXRhaWxfY2l0eXESaA5VGHNoaXBwaW5nX2RldGFpbF9wb3N0Y29kZXETWAYAAAAxMDA4MTJxFFUUYmlsbGluZ19kZXRhaWxfcGhvbmVxFWgRVRlzaGlwcGluZ19kZXRhaWxfbGFzdF9uYW1lcRZYAwAAAFpPVXEXVRViaWxsaW5nX2RldGFpbF9zdHJlZXRxGFgEAAAAZGFzZHEZVRpzaGlwcGluZ19kZXRhaWxfZmlyc3RfbmFtZXEaWAIAAABMdXEbVRhiaWxsaW5nX2RldGFpbF9sYXN0X25hbWVxHGgXVRVzYW1lX2JpbGxpbmdfc2hpcHBpbmdxHYhVF2JpbGxpbmdfZGV0YWlsX3Bvc3Rjb2RlcR5oFFUJY2FyZF9uYW1lcR9YAAAAAFUVc2hpcHBpbmdfZGV0YWlsX3N0YXRlcSBYBQAAAGFzZHNkcSFVBHN0ZXBxImNmdXR1cmUuYnVpbHRpbnMuYmFja3BvcnRzLm5ld2ludApuZXdpbnQKcSOKAQKFgXEkfXElYlUUYmlsbGluZ19kZXRhaWxfc3RhdGVxJmghVRliaWxsaW5nX2RldGFpbF9maXJzdF9uYW1lcSdoG1UWc2hpcHBpbmdfZGV0YWlsX3N0cmVldHEoaBlVCHJlbWVtYmVycSmIVRRiaWxsaW5nX2RldGFpbF9lbWFpbHEqWBcAAABkZG9uZ2ppYW4wMDAwQGdtYWlsLmNvbXErVQljYXJkX3R5cGVxLFgAAAAAdXUu"}}, {"pk": "av1s3t4d3w5x013cmaebkpp5ayzc8dfc", "model": "sessions.session", "fields": {"expire_date": "2014-02-10T07:00:26.315Z", "session_data": "ZjI1YmNjMDNhZjZkMTdhMzRkNGQyZTllZTYzMzc3ZjZlMmM2NmQyNTp7InRheF90b3RhbCI6MCwiX2F1dGhfdXNlcl9pZCI6MSwidGF4X3R5cGUiOiJUYXgiLCJzaGlwcGluZ190b3RhbCI6MTAuMCwiX2F1dGhfdXNlcl9iYWNrZW5kIjoibWV6emFuaW5lLmNvcmUuYXV0aF9iYWNrZW5kcy5NZXp6YW5pbmVCYWNrZW5kIiwiY2FydCI6bnVsbCwic2hpcHBpbmdfdHlwZSI6IkZsYXQgcmF0ZSBzaGlwcGluZyIsIm9yZGVyIjp7InNoaXBwaW5nX2RldGFpbF9jb3VudHJ5IjoiQXVzdHJhbGlhIiwiYWRkaXRpb25hbF9pbnN0cnVjdGlvbnMiOiJuZXcgaG91c2UiLCJiaWxsaW5nX2RldGFpbF9jaXR5IjoibWVsYm91cm5lIiwiYmlsbGluZ19kZXRhaWxfY291bnRyeSI6IkF1c3RyYWxpYSIsInNoaXBwaW5nX2RldGFpbF9waG9uZSI6IjA0MjY4NTEyMzQiLCJzaGlwcGluZ19kZXRhaWxfY2l0eSI6Im1lbGJvdXJuZSIsInNoaXBwaW5nX2RldGFpbF9wb3N0Y29kZSI6IjEwMDYiLCJiaWxsaW5nX2RldGFpbF9waG9uZSI6IjA0MjY4NTEyMzQiLCJzaGlwcGluZ19kZXRhaWxfbGFzdF9uYW1lIjoieiIsImJpbGxpbmdfZGV0YWlsX3N0cmVldCI6Imx1Iiwic2hpcHBpbmdfZGV0YWlsX2ZpcnN0X25hbWUiOiJ0b28iLCJiaWxsaW5nX2RldGFpbF9sYXN0X25hbWUiOiJ6IiwiZGlzY291bnRfY29kZSI6IiIsImJpbGxpbmdfZGV0YWlsX3Bvc3Rjb2RlIjoiMTAwNiIsImNhcmRfbmFtZSI6IiIsInNoaXBwaW5nX2RldGFpbF9zdGF0ZSI6Im5ldyBzb3V0aCB3YWxlcyIsImJpbGxpbmdfZGV0YWlsX3N0YXRlIjoibmV3IHNvdXRoIHdhbGVzIiwiYmlsbGluZ19kZXRhaWxfZmlyc3RfbmFtZSI6InRvbyIsInNoaXBwaW5nX2RldGFpbF9zdHJlZXQiOiJsdSIsInJlbWVtYmVyIjp0cnVlLCJiaWxsaW5nX2RldGFpbF9lbWFpbCI6InpvdWx1Y2xhcmFAZ21haWwuY29tIiwiY2FyZF90eXBlIjoiIiwic2FtZV9iaWxsaW5nX3NoaXBwaW5nIjp0cnVlfX0="}}, {"pk": "az88vdhngs65zfqt8bnx7dr3punyn3au", "model": "sessions.session", "fields": {"expire_date": "2014-02-12T20:59:49.943Z", "session_data": "Mzg4YmFkM2E1ZWFjNDkwY2IxNGExNjQ0MThjZjg1NTczMjAxNGFlYjp7Il9hdXRoX3VzZXJfYmFja2VuZCI6Im1lenphbmluZS5jb3JlLmF1dGhfYmFja2VuZHMuTWV6emFuaW5lQmFja2VuZCIsIl9hdXRoX3VzZXJfaWQiOjF9"}}, {"pk": "b9mk4xz57468bitsr16jn4ertxok66cb", "model": "sessions.session", "fields": {"expire_date": "2014-02-03T14:57:56.680Z", "session_data": "M2NiOTMyZjJjMDdlMTcyMTU1YjJiMzU3M2M4NmViMzg2MmQyOWJkZDp7Il9hdXRoX3VzZXJfYmFja2VuZCI6Im1lenphbmluZS5jb3JlLmF1dGhfYmFja2VuZHMuTWV6emFuaW5lQmFja2VuZCIsIl9hdXRoX3VzZXJfaWQiOjEsImNhcnQiOjF9"}}, {"pk": "chrkcrwey16bhhqrng62xa3gr62lo7fw", "model": "sessions.session", "fields": {"expire_date": "2014-01-21T11:30:54.731Z", "session_data": "MmRhYjcxNjU2YTcwNTlkOTAxZjE0MThlZWQ1YWM4NDc2ZjBiYWM4ZTp7fQ=="}}, {"pk": "do5egas0qppb4ftptqp46rb0mgtbe1sg", "model": "sessions.session", "fields": {"expire_date": "2014-01-16T22:10:28.958Z", "session_data": "NmMzY2RmNzE2YmMzYmJmYzcyMmEzYWYwZmNiZTVlOTcyNjVjNGNiYzp7ImNhcnQiOm51bGx9"}}, {"pk": "hd4xajvvp3tszfneshub9ay5stlf2x9z", "model": "sessions.session", "fields": {"expire_date": "2014-03-02T09:24:32.658Z", "session_data": "MzIxMDFmMGZkZDRiNzYyNzljM2IyY2M2YzI3MGJhOWQyMGNjZGU1Mzp7fQ=="}}, {"pk": "hzxk7thldkcyt185b0g75hchwsy5dgu2", "model": "sessions.session", "fields": {"expire_date": "2014-02-01T04:46:08.836Z", "session_data": "Mzg4YmFkM2E1ZWFjNDkwY2IxNGExNjQ0MThjZjg1NTczMjAxNGFlYjp7Il9hdXRoX3VzZXJfYmFja2VuZCI6Im1lenphbmluZS5jb3JlLmF1dGhfYmFja2VuZHMuTWV6emFuaW5lQmFja2VuZCIsIl9hdXRoX3VzZXJfaWQiOjF9"}}, {"pk": "iaeuser2yy5om0ii7ffm9k3r0u31zpc8", "model": "sessions.session", "fields": {"expire_date": "2014-03-07T10:54:42.191Z", "session_data": "Mzg4YmFkM2E1ZWFjNDkwY2IxNGExNjQ0MThjZjg1NTczMjAxNGFlYjp7Il9hdXRoX3VzZXJfYmFja2VuZCI6Im1lenphbmluZS5jb3JlLmF1dGhfYmFja2VuZHMuTWV6emFuaW5lQmFja2VuZCIsIl9hdXRoX3VzZXJfaWQiOjF9"}}, {"pk": "j6jb0bedywegefda7unjjqw6xexdw67o", "model": "sessions.session", "fields": {"expire_date": "2014-01-21T11:30:54.770Z", "session_data": "MmRhYjcxNjU2YTcwNTlkOTAxZjE0MThlZWQ1YWM4NDc2ZjBiYWM4ZTp7fQ=="}}, {"pk": "l8xd68xv50jdmhh6epz5fj98bfka4nrq", "model": "sessions.session", "fields": {"expire_date": "2014-01-28T08:07:07.329Z", "session_data": "NjIxZjM3OTU3NTlkNjc0ODMwZWIzYWYxMDIxYTRkYmE2NTc2NzMwYTp7Il9hdXRoX3VzZXJfYmFja2VuZCI6Im1lenphbmluZS5jb3JlLmF1dGhfYmFja2VuZHMuTWV6emFuaW5lQmFja2VuZCIsIl9hdXRoX3VzZXJfaWQiOjJ9"}}, {"pk": "ly37sybdvxp7xrvwxsbfb0kqb6e4jjiv", "model": "sessions.session", "fields": {"expire_date": "2014-01-31T05:01:31.175Z", "session_data": "MzIxMDFmMGZkZDRiNzYyNzljM2IyY2M2YzI3MGJhOWQyMGNjZGU1Mzp7fQ=="}}, {"pk": "ma39hwu92opxqb544v3p97smr7uyzz4f", "model": "sessions.session", "fields": {"expire_date": "2014-02-11T21:13:35.814Z", "session_data": "Mzg4YmFkM2E1ZWFjNDkwY2IxNGExNjQ0MThjZjg1NTczMjAxNGFlYjp7Il9hdXRoX3VzZXJfYmFja2VuZCI6Im1lenphbmluZS5jb3JlLmF1dGhfYmFja2VuZHMuTWV6emFuaW5lQmFja2VuZCIsIl9hdXRoX3VzZXJfaWQiOjF9"}}, {"pk": "mumvdf5quhsz9pcap7wy4qggr4zkvdhy", "model": "sessions.session", "fields": {"expire_date": "2014-03-27T14:58:48.752Z", "session_data": "YzVjNDllNGZhYzE5OWJhNmFkOGEzZjczODg1NzAxN2E3Mjc4ODViOTqAAn1xAShYCQAAAHRheF90b3RhbEsAVQ1fYXV0aF91c2VyX2lkSwFYCAAAAHRheF90eXBlY2Z1dHVyZS5idWlsdGlucy5iYWNrcG9ydHMubmV3c3RyCm5ld3N0cgpxAlgDAAAAVGF4cQOFgXEEfXEFYlgOAAAAc2hpcHBpbmdfdG90YWxLAFgEAAAAY2FydE5VEl9hdXRoX3VzZXJfYmFja2VuZFUtbWV6emFuaW5lLmNvcmUuYXV0aF9iYWNrZW5kcy5NZXp6YW5pbmVCYWNrZW5kWA0AAABzaGlwcGluZ190eXBlaAJYEgAAAERpZmYgcmF0ZSBzaGlwcGluZ3EGhYFxB31xCGJYBQAAAG9yZGVyfXEJKFUXc2hpcHBpbmdfZGV0YWlsX2NvdW50cnlYBQAAAGNoaW5hcQpYFwAAAGFkZGl0aW9uYWxfaW5zdHJ1Y3Rpb25zWAAAAABVE2JpbGxpbmdfZGV0YWlsX2NpdHlYBAAAAGRkZGRxC1UWYmlsbGluZ19kZXRhaWxfY291bnRyeWgKVRVzaGlwcGluZ19kZXRhaWxfcGhvbmVYCwAAADE4NjAwMjE4MTg2cQxVFHNoaXBwaW5nX2RldGFpbF9jaXR5aAtVGHNoaXBwaW5nX2RldGFpbF9wb3N0Y29kZVgHAAAAMTk4ODIxNXENVRRiaWxsaW5nX2RldGFpbF9waG9uZWgMVRlzaGlwcGluZ19kZXRhaWxfbGFzdF9uYW1lWAMAAABaT1VxDlUVYmlsbGluZ19kZXRhaWxfc3RyZWV0WAQAAABkZGRkcQ9VGnNoaXBwaW5nX2RldGFpbF9maXJzdF9uYW1lWAIAAABMdXEQVRhiaWxsaW5nX2RldGFpbF9sYXN0X25hbWVoDlgNAAAAZGlzY291bnRfY29kZVgAAAAAVRdiaWxsaW5nX2RldGFpbF9wb3N0Y29kZWgNVQljYXJkX25hbWVYAAAAAFUVc2hpcHBpbmdfZGV0YWlsX3N0YXRlWAQAAABkZGRkcRFVFGJpbGxpbmdfZGV0YWlsX3N0YXRlaBFVGWJpbGxpbmdfZGV0YWlsX2ZpcnN0X25hbWVoEFUWc2hpcHBpbmdfZGV0YWlsX3N0cmVldGgPVQhyZW1lbWJlcohVFGJpbGxpbmdfZGV0YWlsX2VtYWlsWBcAAABkZG9uZ2ppYW4wMDAwQGdtYWlsLmNvbVUJY2FyZF90eXBlWAAAAABVFXNhbWVfYmlsbGluZ19zaGlwcGluZ4h1dS4="}}, {"pk": "qwsb24hbc4s228h8fg1i0itt8ins134g", "model": "sessions.session", "fields": {"expire_date": "2014-01-31T07:09:44.952Z", "session_data": "NjAwM2YzZGYwYjA5MmQxMjUyNTkxOGY5YTQyZDQ3ZTZiNzExOGVlZjp7ImNhcnQiOm51bGwsIl9hdXRoX3VzZXJfYmFja2VuZCI6Im1lenphbmluZS5jb3JlLmF1dGhfYmFja2VuZHMuTWV6emFuaW5lQmFja2VuZCIsIl9hdXRoX3VzZXJfaWQiOjF9"}}, {"pk": "s30hkisdhd30wr208m7nvgjsc1cj33fu", "model": "sessions.session", "fields": {"expire_date": "2014-02-05T05:50:17.198Z", "session_data": "Mzg4YmFkM2E1ZWFjNDkwY2IxNGExNjQ0MThjZjg1NTczMjAxNGFlYjp7Il9hdXRoX3VzZXJfYmFja2VuZCI6Im1lenphbmluZS5jb3JlLmF1dGhfYmFja2VuZHMuTWV6emFuaW5lQmFja2VuZCIsIl9hdXRoX3VzZXJfaWQiOjF9"}}, {"pk": "s4x5qq9u0i582u06qgc67wlociqt4usu", "model": "sessions.session", "fields": {"expire_date": "2014-01-31T03:54:39.412Z", "session_data": "MzIxMDFmMGZkZDRiNzYyNzljM2IyY2M2YzI3MGJhOWQyMGNjZGU1Mzp7fQ=="}}, {"pk": "s99rfqz72nbrkoh3hu2xu9457rap4nvt", "model": "sessions.session", "fields": {"expire_date": "2014-05-04T03:09:27.142Z", "session_data": "MmNhMDI4YTY2NTk2ZTk4YzYxNTI0ODdjNDllNTIzMWE2ZTE1ZGJlYTqAAn1xAShVEl9hdXRoX3VzZXJfYmFja2VuZHECVS1tZXp6YW5pbmUuY29yZS5hdXRoX2JhY2tlbmRzLk1lenphbmluZUJhY2tlbmRxA1UNX2F1dGhfdXNlcl9pZHEESwF1Lg=="}}, {"pk": "sjrs4o4mokfdyl3xmgrifajc6vp0ydx8", "model": "sessions.session", "fields": {"expire_date": "2014-02-11T22:31:44.704Z", "session_data": "Mzg4YmFkM2E1ZWFjNDkwY2IxNGExNjQ0MThjZjg1NTczMjAxNGFlYjp7Il9hdXRoX3VzZXJfYmFja2VuZCI6Im1lenphbmluZS5jb3JlLmF1dGhfYmFja2VuZHMuTWV6emFuaW5lQmFja2VuZCIsIl9hdXRoX3VzZXJfaWQiOjF9"}}, {"pk": "tqnxd7rnxkcwp2jhihkl0iupqofx82di", "model": "sessions.session", "fields": {"expire_date": "2014-02-05T10:31:30.141Z", "session_data": "MzIxMDFmMGZkZDRiNzYyNzljM2IyY2M2YzI3MGJhOWQyMGNjZGU1Mzp7fQ=="}}, {"pk": "x87azxv76ic4mdgfz9x7z0w8vhwlf5cc", "model": "sessions.session", "fields": {"expire_date": "2014-03-07T11:17:34.539Z", "session_data": "Mzg4YmFkM2E1ZWFjNDkwY2IxNGExNjQ0MThjZjg1NTczMjAxNGFlYjp7Il9hdXRoX3VzZXJfYmFja2VuZCI6Im1lenphbmluZS5jb3JlLmF1dGhfYmFja2VuZHMuTWV6emFuaW5lQmFja2VuZCIsIl9hdXRoX3VzZXJfaWQiOjF9"}}, {"pk": "x8nrcu0n3rn9r9te2bvc9ojyrs4n1uci", "model": "sessions.session", "fields": {"expire_date": "2014-02-18T10:35:09.632Z", "session_data": "N2Y1MzVlYTZhY2JjNjIzNDY4OGM5NTYwNzU5OWEzYmZmYTkwZmY5Njp7ImNhcnQiOm51bGx9"}}, {"pk": 1, "model": "sites.site", "fields": {"domain": "127.0.0.1:8000", "name": "Default"}}, {"pk": 1, "model": "shop.product", "fields": {"available": true, "upsell_products": [4], "short_url": null, "image": "product/red.png", "site": 1, "keywords_string": "", "in_sitemap": true, "sale_to": null, "sale_from": null, "title": "Django Pony", "sale_id": 1, "unit_price": "10", "hotsale": true, "content": "<p>Magic that can't be removed!</p>", "rating_sum": 0, "rating_count": 0, "categories": [7], "sale_price": "5", "status": 2, "sku": "1", "updated": "2014-02-22T11:32:22.046Z", "description": "Magic that can't be removed!", "rating_average": 0.0, "related_products": [3], "num_in_stock": null, "expiry_date": null, "onslide": false, "date_added": null, "slug": "django-pony", "gen_description": true, "preorder": null, "created": null, "_meta_title": null, "publish_date": "2014-01-24T00:25:09.898Z"}}, {"pk": 2, "model": "shop.product", "fields": {"available": true, "upsell_products": [3], "short_url": null, "image": "product/green_1.png", "site": 1, "keywords_string": "", "in_sitemap": true, "sale_to": null, "sale_from": null, "title": "pretty chair", "sale_id": null, "unit_price": null, "hotsale": true, "content": "<p>good</p>", "rating_sum": 0, "rating_count": 0, "categories": [7], "sale_price": null, "status": 2, "sku": "13", "updated": "2014-02-22T11:32:22.041Z", "description": "good", "rating_average": 0.0, "related_products": [4], "num_in_stock": null, "expiry_date": null, "onslide": false, "date_added": "2014-01-22T06:50:49.437Z", "slug": "pretty-chair", "gen_description": true, "preorder": null, "created": "2014-01-22T06:50:49.436Z", "_meta_title": "", "publish_date": "2014-01-22T08:23:48Z"}}, {"pk": 3, "model": "shop.product", "fields": {"available": true, "upsell_products": [2], "short_url": null, "image": "product/B0055QZ216.png", "site": 1, "keywords_string": "", "in_sitemap": true, "sale_to": null, "sale_from": "2014-01-22T10:29:57Z", "title": "pony toy", "sale_id": null, "unit_price": "15", "hotsale": true, "content": "<p>good toy</p>", "rating_sum": 0, "rating_count": 0, "categories": [7], "sale_price": "10", "status": 2, "sku": "14", "updated": "2014-02-22T11:25:33.233Z", "description": "good toy", "rating_average": 0.0, "related_products": [1], "num_in_stock": 30, "expiry_date": null, "onslide": true, "date_added": "2014-01-22T10:29:16.223Z", "slug": "pony-toy", "gen_description": true, "preorder": null, "created": "2014-01-22T10:29:16.222Z", "_meta_title": "", "publish_date": "2014-01-22T09:58:36Z"}}, {"pk": 4, "model": "shop.product", "fields": {"available": true, "upsell_products": [1], "short_url": null, "image": "product/2.png", "site": 1, "keywords_string": "", "in_sitemap": true, "sale_to": null, "sale_from": "2014-01-22T10:47:23Z", "title": "table", "sale_id": null, "unit_price": "34", "hotsale": true, "content": "<ul>\n<li>cute table very lovely\u00a0</li>\n<li>cute table</li>\n</ul>", "rating_sum": 0, "rating_count": 0, "categories": [7], "sale_price": "13", "status": 2, "sku": "16", "updated": "2014-02-22T11:25:33.225Z", "description": "\ncute table very lovely\u00a0\ncute table\n", "rating_average": 0.0, "related_products": [2], "num_in_stock": 23, "expiry_date": null, "onslide": true, "date_added": "2014-01-22T10:45:46.022Z", "slug": "table", "gen_description": true, "preorder": null, "created": "2014-01-22T10:45:46.022Z", "_meta_title": "", "publish_date": "2014-01-22T10:44:42Z"}}, {"pk": 5, "model": "shop.product", "fields": {"available": true, "upsell_products": [], "short_url": null, "image": "product/4.png", "site": 1, "keywords_string": "", "in_sitemap": true, "sale_to": null, "sale_from": "2014-01-22T13:40:12Z", "title": "box", "sale_id": 2, "unit_price": "12", "hotsale": true, "content": "<p>good\u00a0</p>\n<p>good</p>\n<p>very good</p>\n<p>likely</p>", "rating_sum": 4, "rating_count": 1, "categories": [7], "sale_price": "11.96", "status": 2, "sku": "28", "updated": "2014-02-22T11:25:33.216Z", "description": "good\u00a0", "rating_average": 4.0, "related_products": [], "num_in_stock": 34, "expiry_date": null, "onslide": true, "date_added": "2014-01-22T13:38:12.644Z", "slug": "box", "gen_description": true, "preorder": null, "created": "2014-01-22T13:38:12.643Z", "_meta_title": "", "publish_date": "2014-01-22T13:38:12Z"}}, {"pk": 6, "model": "shop.product", "fields": {"available": true, "upsell_products": [], "short_url": null, "image": "product/3.png", "site": 1, "keywords_string": "", "in_sitemap": true, "sale_to": null, "sale_from": null, "title": "luxury blanket", "sale_id": null, "unit_price": null, "hotsale": false, "content": "<p>blanket</p>", "rating_sum": 0, "rating_count": 0, "categories": [7], "sale_price": null, "status": 2, "sku": "32", "updated": "2014-02-22T11:25:33.208Z", "description": "blanket", "rating_average": 0.0, "related_products": [], "num_in_stock": null, "expiry_date": null, "onslide": true, "date_added": "2014-01-28T22:11:58.713Z", "slug": "luxury-blanket", "gen_description": true, "preorder": null, "created": "2014-01-28T22:11:58.713Z", "_meta_title": "", "publish_date": "2014-01-28T22:11:45Z"}}, {"pk": 7, "model": "shop.product", "fields": {"available": true, "upsell_products": [], "short_url": null, "image": "product/4_1.png", "site": 1, "keywords_string": "", "in_sitemap": true, "sale_to": null, "sale_from": null, "title": "cute one", "sale_id": null, "unit_price": null, "hotsale": false, "content": "<p>cuty</p>", "rating_sum": 0, "rating_count": 0, "categories": [7], "sale_price": null, "status": 2, "sku": "35", "updated": "2014-02-22T11:25:33.201Z", "description": "cuty", "rating_average": 0.0, "related_products": [], "num_in_stock": null, "expiry_date": null, "onslide": true, "date_added": "2014-01-29T21:01:33.465Z", "slug": "cute-one", "gen_description": true, "preorder": null, "created": "2014-01-29T21:01:33.464Z", "_meta_title": "", "publish_date": "2014-01-29T21:00:34Z"}}, {"pk": 8, "model": "shop.product", "fields": {"available": true, "upsell_products": [], "short_url": null, "image": "product/5.png", "site": 1, "keywords_string": "", "in_sitemap": true, "sale_to": null, "sale_from": null, "title": "pretty dress", "sale_id": null, "unit_price": "23", "hotsale": false, "content": "<p>wow very beautiful</p>", "rating_sum": 0, "rating_count": 0, "categories": [7], "sale_price": "11.96", "status": 2, "sku": "36", "updated": "2014-03-10T16:29:34.427Z", "description": "wow very beautiful", "rating_average": 0.0, "related_products": [], "num_in_stock": 233, "expiry_date": null, "onslide": true, "date_added": "2014-01-29T21:02:32.739Z", "slug": "pretty-dress", "gen_description": true, "preorder": null, "created": "2014-01-29T21:02:32.738Z", "_meta_title": "", "publish_date": "2014-01-29T21:02:14Z"}}, {"pk": 9, "model": "shop.product", "fields": {"available": true, "upsell_products": [], "short_url": null, "image": "product/6.png", "site": 1, "keywords_string": "", "in_sitemap": true, "sale_to": null, "sale_from": null, "title": "light", "sale_id": null, "unit_price": "89", "hotsale": false, "content": "<p>good light</p>", "rating_sum": 0, "rating_count": 0, "categories": [7], "sale_price": "56", "status": 2, "sku": "40", "updated": "2014-02-22T11:25:33.187Z", "description": "good light", "rating_average": 0.0, "related_products": [], "num_in_stock": 787, "expiry_date": null, "onslide": true, "date_added": "2014-01-29T21:03:54.768Z", "slug": "light", "gen_description": true, "preorder": null, "created": "2014-01-29T21:03:54.768Z", "_meta_title": "", "publish_date": "2014-01-29T21:03:54Z"}}, {"pk": 10, "model": "shop.product", "fields": {"available": true, "upsell_products": [], "short_url": null, "image": "product/7.png", "site": 1, "keywords_string": "", "in_sitemap": true, "sale_to": null, "sale_from": null, "title": "perfume", "sale_id": null, "unit_price": "234", "hotsale": false, "content": "<p>good one</p>\n<ul>\n<li>dfasfasdfasd</li>\n<li>sdfsadfadsfads</li>\n<li>fadfdasfasd</li>\n<li>safdsfasdsafda</li>\n<li>adfafdsafdsa</li>\n<li>asdfasdasdfas</li>\n<li>sfsadfasdf</li>\n</ul>", "rating_sum": 0, "rating_count": 0, "categories": [7], "sale_price": "56", "status": 2, "sku": "44", "updated": "2014-02-22T11:31:05.698Z", "description": "good one", "rating_average": 0.0, "related_products": [], "num_in_stock": 7676, "expiry_date": null, "onslide": true, "date_added": "2014-01-29T21:07:04.619Z", "slug": "perfume", "gen_description": true, "preorder": null, "created": "2014-01-29T21:07:04.619Z", "_meta_title": "", "publish_date": "2014-01-29T21:05:03Z"}}, {"pk": 11, "model": "shop.product", "fields": {"available": true, "upsell_products": [], "short_url": null, "image": "product/9.png", "site": 1, "keywords_string": "", "in_sitemap": true, "sale_to": null, "sale_from": null, "title": "pencil", "sale_id": null, "unit_price": "23", "hotsale": false, "content": "<p>great pencil</p>", "rating_sum": 0, "rating_count": 0, "categories": [7], "sale_price": "12", "status": 2, "sku": "47", "updated": "2014-02-22T11:25:33.172Z", "description": "great pencil", "rating_average": 0.0, "related_products": [], "num_in_stock": 56, "expiry_date": null, "onslide": true, "date_added": "2014-01-30T09:10:30.648Z", "slug": "pencil", "gen_description": true, "preorder": null, "created": "2014-01-30T09:10:30.647Z", "_meta_title": "", "publish_date": "2014-01-30T09:10:30Z"}}, {"pk": 12, "model": "shop.product", "fields": {"available": true, "upsell_products": [], "short_url": null, "image": "product/10desktop.png", "site": 1, "keywords_string": "", "in_sitemap": true, "sale_to": null, "sale_from": null, "title": "great laptop", "sale_id": null, "unit_price": "3434", "hotsale": false, "content": "<p>great laptop</p>", "rating_sum": 0, "rating_count": 0, "categories": [7], "sale_price": "2323", "status": 2, "sku": "49", "updated": "2014-03-15T06:08:20.671Z", "description": "great laptop", "rating_average": 0.0, "related_products": [], "num_in_stock": 66, "expiry_date": null, "onslide": true, "date_added": "2014-01-30T09:11:39.600Z", "slug": "great-laptop", "gen_description": true, "preorder": null, "created": "2014-01-30T09:11:39.599Z", "_meta_title": "", "publish_date": "2014-01-30T09:11:39Z"}}, {"pk": 13, "model": "shop.product", "fields": {"available": true, "upsell_products": [], "short_url": null, "image": "product/11table.png", "site": 1, "keywords_string": "", "in_sitemap": true, "sale_to": null, "sale_from": null, "title": "table", "sale_id": null, "unit_price": "343", "hotsale": false, "content": "<p>great table</p>", "rating_sum": 5, "rating_count": 2, "categories": [7], "sale_price": "232", "status": 2, "sku": "55", "updated": "2014-03-15T06:04:55.993Z", "description": "great table", "rating_average": 2.5, "related_products": [], "num_in_stock": 671, "expiry_date": null, "onslide": true, "date_added": "2014-01-30T09:13:24.526Z", "slug": "table-1", "gen_description": true, "preorder": null, "created": "2014-01-30T09:13:24.525Z", "_meta_title": "", "publish_date": "2014-01-30T09:13:11Z"}}, {"pk": 14, "model": "shop.product", "fields": {"available": true, "upsell_products": [], "short_url": null, "image": "product/12Apkey.png", "site": 1, "keywords_string": "", "in_sitemap": true, "sale_to": null, "sale_from": null, "title": "eleckey", "sale_id": null, "unit_price": "343", "hotsale": false, "content": "<p>great key</p>", "rating_sum": 2, "rating_count": 1, "categories": [7], "sale_price": "233", "status": 2, "sku": "59", "updated": "2014-03-10T16:01:57.204Z", "description": "great key", "rating_average": 2.0, "related_products": [], "num_in_stock": 342, "expiry_date": null, "onslide": true, "date_added": "2014-01-30T09:15:11.342Z", "slug": "eleckey", "gen_description": true, "preorder": null, "created": "2014-01-30T09:15:11.341Z", "_meta_title": "", "publish_date": "2014-01-30T09:14:27Z"}}, {"pk": 15, "model": "shop.product", "fields": {"available": false, "upsell_products": [], "short_url": null, "image": "product/13software.png", "site": 1, "keywords_string": "", "in_sitemap": true, "sale_to": null, "sale_from": null, "title": "software", "sale_id": null, "unit_price": "343", "hotsale": false, "content": "<p>cool software</p>\n<p>very cool</p>\n<p>dfsodfjsdf</p>\n<p>sdfsdfsdf</p>\n<p>sfdsfsd</p>\n<p>sfdsfsf</p>\n<p>sfsdfsfsdfsd</p>", "rating_sum": 0, "rating_count": 0, "categories": [7], "sale_price": "233", "status": 2, "sku": "65", "updated": "2014-02-22T11:25:33.142Z", "description": "cool software", "rating_average": 0.0, "related_products": [], "num_in_stock": 343, "expiry_date": null, "onslide": true, "date_added": "2014-01-30T20:22:56.920Z", "slug": "software", "gen_description": true, "preorder": null, "created": "2014-01-30T20:22:56.919Z", "_meta_title": "", "publish_date": "2014-01-30T20:22:56Z"}}, {"pk": 18, "model": "shop.product", "fields": {"available": false, "upsell_products": [], "short_url": null, "image": "product/14pad_1.png", "site": 1, "keywords_string": "", "in_sitemap": true, "sale_to": null, "sale_from": null, "title": "pad", "sale_id": null, "unit_price": "233", "hotsale": false, "content": "<p>cool pad</p>\n<p>dfasfsdf</p>\n<p>afdadas</p>\n<p>dfasdas</p>\n<p>asdfsaf</p>\n<p>adfasddsf</p>\n<p>adfasdas</p>\n<p>adfasdfd</p>", "rating_sum": 0, "rating_count": 0, "categories": [7], "sale_price": "122", "status": 2, "sku": "71", "updated": "2014-02-22T11:25:33.134Z", "description": "cool pad", "rating_average": 0.0, "related_products": [], "num_in_stock": 342, "expiry_date": null, "onslide": true, "date_added": "2014-01-30T20:28:09.297Z", "slug": "pad-1", "gen_description": true, "preorder": null, "created": "2014-01-30T20:28:09.297Z", "_meta_title": "", "publish_date": "2014-01-30T20:28:09Z"}}, {"pk": 19, "model": "shop.product", "fields": {"available": false, "upsell_products": [], "short_url": null, "image": "product/15mug.jpg", "site": 1, "keywords_string": "", "in_sitemap": true, "sale_to": null, "sale_from": null, "title": "cute mug", "sale_id": null, "unit_price": "233", "hotsale": false, "content": "<p>not available cute mug</p>\n<p>dfsddsfasdfas</p>\n<p>sfdsfsdfasf</p>\n<p>asdfasdsafsadf</p>\n<p>sadfsdafdsafsadf</p>", "rating_sum": 0, "rating_count": 0, "categories": [7], "sale_price": "123", "status": 2, "sku": "73", "updated": "2014-02-22T14:29:45.291Z", "description": "not available cute mug", "rating_average": 0.0, "related_products": [], "num_in_stock": 545, "expiry_date": null, "onslide": true, "date_added": "2014-01-30T22:39:39.697Z", "slug": "cute-mug", "gen_description": true, "preorder": true, "created": "2014-01-30T22:39:39.694Z", "_meta_title": "", "publish_date": "2014-01-30T22:39:39Z"}}, {"pk": 20, "model": "shop.product", "fields": {"available": false, "upsell_products": [], "short_url": null, "image": "product/16leafchair.png", "site": 1, "keywords_string": "", "in_sitemap": true, "sale_to": null, "sale_from": null, "title": "hot sale leaf chair", "sale_id": null, "unit_price": "23", "hotsale": false, "content": "<p>beautiful leaf chair</p>\n<p>sfdfsadfdserwwr</p>\n<p>erwewerrwwerwer</p>\n<p>werwer23ewrwerewr</p>\n<p>werewrewr2ersghttwerter</p>", "rating_sum": 0, "rating_count": 0, "categories": [7], "sale_price": "10", "status": 2, "sku": "75", "updated": "2014-02-22T14:29:45.284Z", "description": "beautiful leaf chair", "rating_average": 0.0, "related_products": [], "num_in_stock": 1, "expiry_date": null, "onslide": true, "date_added": "2014-01-30T22:41:47.546Z", "slug": "hot-sale-leaf-chair", "gen_description": true, "preorder": true, "created": "2014-01-30T22:41:47.545Z", "_meta_title": "", "publish_date": "2014-01-30T22:41:47Z"}}, {"pk": 21, "model": "shop.product", "fields": {"available": false, "upsell_products": [], "short_url": null, "image": "product/21ointment.png", "site": 1, "keywords_string": "", "in_sitemap": true, "sale_to": null, "sale_from": null, "title": "ointment", "sale_id": null, "unit_price": "322", "hotsale": false, "content": "<p>good ointment\u00a0</p>", "rating_sum": 0, "rating_count": 0, "categories": [7], "sale_price": "233", "status": 2, "sku": "76", "updated": "2014-02-22T14:29:45.279Z", "description": "good ointment\u00a0", "rating_average": 0.0, "related_products": [], "num_in_stock": 34, "expiry_date": null, "onslide": true, "date_added": "2014-02-21T10:57:52.179Z", "slug": "ointment", "gen_description": true, "preorder": true, "created": "2014-02-21T10:57:52.179Z", "_meta_title": "", "publish_date": "2014-02-21T10:57:23Z"}}, {"pk": 22, "model": "shop.product", "fields": {"available": false, "upsell_products": [], "short_url": null, "image": "product/22colorchair.png", "site": 1, "keywords_string": "", "in_sitemap": true, "sale_to": null, "sale_from": null, "title": "colorchair", "sale_id": null, "unit_price": "121", "hotsale": false, "content": "<p>color chair</p>", "rating_sum": 0, "rating_count": 0, "categories": [7], "sale_price": "12", "status": 2, "sku": "80", "updated": "2014-02-22T14:29:45.272Z", "description": "color chair", "rating_average": 0.0, "related_products": [], "num_in_stock": 34, "expiry_date": null, "onslide": true, "date_added": "2014-02-21T10:58:44.518Z", "slug": "colorchair", "gen_description": true, "preorder": true, "created": "2014-02-21T10:58:44.517Z", "_meta_title": "", "publish_date": "2014-02-21T10:58:25Z"}}, {"pk": 23, "model": "shop.product", "fields": {"available": false, "upsell_products": [], "short_url": null, "image": "product/23threeleg.png", "site": 1, "keywords_string": "", "in_sitemap": true, "sale_to": null, "sale_from": null, "title": "threelegchair", "sale_id": null, "unit_price": null, "hotsale": false, "content": "<p>three leg chair</p>", "rating_sum": 0, "rating_count": 0, "categories": [7], "sale_price": null, "status": 2, "sku": "84", "updated": "2014-02-22T14:29:45.258Z", "description": "three leg chair", "rating_average": 0.0, "related_products": [], "num_in_stock": null, "expiry_date": null, "onslide": true, "date_added": "2014-02-21T13:10:00.415Z", "slug": "threelegchair", "gen_description": true, "preorder": true, "created": "2014-02-21T13:10:00.414Z", "_meta_title": "", "publish_date": "2014-02-21T13:09:36Z"}}, {"pk": 1, "model": "shop.productimage", "fields": {"product": 1, "_order": 1, "description": "", "file": "product/red.png"}}, {"pk": 2, "model": "shop.productimage", "fields": {"product": 1, "_order": 2, "description": "", "file": "product/yellow.png"}}, {"pk": 3, "model": "shop.productimage", "fields": {"product": 1, "_order": 3, "description": "", "file": "product/green.png"}}, {"pk": 4, "model": "shop.productimage", "fields": {"product": 1, "_order": 4, "description": "", "file": "product/blue.png"}}, {"pk": 5, "model": "shop.productimage", "fields": {"product": 2, "_order": 0, "description": "", "file": "product/green_1.png"}}, {"pk": 6, "model": "shop.productimage", "fields": {"product": 2, "_order": 1, "description": "", "file": "product/Records-Management-Systems.png"}}, {"pk": 7, "model": "shop.productimage", "fields": {"product": 3, "_order": 0, "description": "good mouse", "file": "product/B0055QZ216.png"}}, {"pk": 8, "model": "shop.productimage", "fields": {"product": 4, "_order": 0, "description": "beautiful table ,very useful,with different colour including red green blue yellow ", "file": "product/2.png"}}, {"pk": 9, "model": "shop.productimage", "fields": {"product": 5, "_order": 0, "description": "", "file": "product/4.png"}}, {"pk": 10, "model": "shop.productimage", "fields": {"product": 6, "_order": 0, "description": "", "file": "product/3.png"}}, {"pk": 11, "model": "shop.productimage", "fields": {"product": 7, "_order": 0, "description": "", "file": "product/4_1.png"}}, {"pk": 12, "model": "shop.productimage", "fields": {"product": 8, "_order": 0, "description": "", "file": "product/5.png"}}, {"pk": 13, "model": "shop.productimage", "fields": {"product": 9, "_order": 0, "description": "", "file": "product/6.png"}}, {"pk": 14, "model": "shop.productimage", "fields": {"product": 10, "_order": 0, "description": "", "file": "product/7.png"}}, {"pk": 15, "model": "shop.productimage", "fields": {"product": 11, "_order": 0, "description": "", "file": "product/9.png"}}, {"pk": 16, "model": "shop.productimage", "fields": {"product": 12, "_order": 0, "description": "", "file": "product/10desktop.png"}}, {"pk": 17, "model": "shop.productimage", "fields": {"product": 13, "_order": 0, "description": "", "file": "product/11table.png"}}, {"pk": 18, "model": "shop.productimage", "fields": {"product": 14, "_order": 0, "description": "", "file": "product/12Apkey.png"}}, {"pk": 19, "model": "shop.productimage", "fields": {"product": 15, "_order": 0, "description": "", "file": "product/13software.png"}}, {"pk": 22, "model": "shop.productimage", "fields": {"product": 18, "_order": 0, "description": "", "file": "product/14pad_1.png"}}, {"pk": 23, "model": "shop.productimage", "fields": {"product": 19, "_order": 0, "description": "", "file": "product/15mug.jpg"}}, {"pk": 24, "model": "shop.productimage", "fields": {"product": 20, "_order": 0, "description": "", "file": "product/16leafchair.png"}}, {"pk": 25, "model": "shop.productimage", "fields": {"product": 21, "_order": 0, "description": "", "file": "product/21ointment.png"}}, {"pk": 26, "model": "shop.productimage", "fields": {"product": 22, "_order": 0, "description": "", "file": "product/22colorchair.png"}}, {"pk": 27, "model": "shop.productimage", "fields": {"product": 23, "_order": 0, "description": "", "file": "product/23threeleg.png"}}, {"pk": 1, "model": "shop.productoption", "fields": {"type": 1, "name": "Small"}}, {"pk": 2, "model": "shop.productoption", "fields": {"type": 1, "name": "Medium"}}, {"pk": 3, "model": "shop.productoption", "fields": {"type": 1, "name": "Large"}}, {"pk": 4, "model": "shop.productoption", "fields": {"type": 2, "name": "Red"}}, {"pk": 5, "model": "shop.productoption", "fields": {"type": 2, "name": "Yellow"}}, {"pk": 6, "model": "shop.productoption", "fields": {"type": 2, "name": "Green"}}, {"pk": 7, "model": "shop.productoption", "fields": {"type": 2, "name": "Blue"}}, {"pk": 1, "model": "shop.productvariation", "fields": {"sale_to": null, "sku": "1", "product": 1, "sale_from": null, "default": true, "image": 1, "sale_id": 1, "unit_price": "10", "num_in_stock": null, "sale_price": "5", "option2": "Red", "option1": "Small"}}, {"pk": 2, "model": "shop.productvariation", "fields": {"sale_to": null, "sku": "2", "product": 1, "sale_from": null, "default": false, "image": 1, "sale_id": 1, "unit_price": "10", "num_in_stock": null, "sale_price": "5", "option2": "Red", "option1": "Medium"}}, {"pk": 3, "model": "shop.productvariation", "fields": {"sale_to": null, "sku": "3", "product": 1, "sale_from": null, "default": false, "image": 1, "sale_id": 1, "unit_price": "10", "num_in_stock": null, "sale_price": "5", "option2": "Red", "option1": "Large"}}, {"pk": 4, "model": "shop.productvariation", "fields": {"sale_to": null, "sku": "4", "product": 1, "sale_from": null, "default": false, "image": 2, "sale_id": 1, "unit_price": "10", "num_in_stock": null, "sale_price": "5", "option2": "Yellow", "option1": "Small"}}, {"pk": 5, "model": "shop.productvariation", "fields": {"sale_to": null, "sku": "5", "product": 1, "sale_from": null, "default": false, "image": 2, "sale_id": 1, "unit_price": "10", "num_in_stock": null, "sale_price": "5", "option2": "Yellow", "option1": "Medium"}}, {"pk": 6, "model": "shop.productvariation", "fields": {"sale_to": null, "sku": "6", "product": 1, "sale_from": null, "default": false, "image": 2, "sale_id": 1, "unit_price": "10", "num_in_stock": null, "sale_price": "5", "option2": "Yellow", "option1": "Large"}}, {"pk": 7, "model": "shop.productvariation", "fields": {"sale_to": null, "sku": "7", "product": 1, "sale_from": null, "default": false, "image": 3, "sale_id": 1, "unit_price": "10", "num_in_stock": null, "sale_price": "5", "option2": "Green", "option1": "Small"}}, {"pk": 8, "model": "shop.productvariation", "fields": {"sale_to": null, "sku": "8", "product": 1, "sale_from": null, "default": false, "image": 3, "sale_id": 1, "unit_price": "10", "num_in_stock": null, "sale_price": "5", "option2": "Green", "option1": "Medium"}}, {"pk": 9, "model": "shop.productvariation", "fields": {"sale_to": null, "sku": "9", "product": 1, "sale_from": null, "default": false, "image": 3, "sale_id": 1, "unit_price": "10", "num_in_stock": null, "sale_price": "5", "option2": "Green", "option1": "Large"}}, {"pk": 10, "model": "shop.productvariation", "fields": {"sale_to": null, "sku": "10", "product": 1, "sale_from": null, "default": false, "image": 4, "sale_id": 1, "unit_price": "10", "num_in_stock": null, "sale_price": "5", "option2": "Blue", "option1": "Small"}}, {"pk": 11, "model": "shop.productvariation", "fields": {"sale_to": null, "sku": "11", "product": 1, "sale_from": null, "default": false, "image": 4, "sale_id": 1, "unit_price": "10", "num_in_stock": null, "sale_price": "5", "option2": "Blue", "option1": "Medium"}}, {"pk": 12, "model": "shop.productvariation", "fields": {"sale_to": null, "sku": "12", "product": 1, "sale_from": null, "default": false, "image": 4, "sale_id": 1, "unit_price": "10", "num_in_stock": null, "sale_price": "5", "option2": "Blue", "option1": "Large"}}, {"pk": 13, "model": "shop.productvariation", "fields": {"sale_to": null, "sku": "13", "product": 2, "sale_from": null, "default": true, "image": 5, "sale_id": null, "unit_price": null, "num_in_stock": null, "sale_price": null, "option2": "Red", "option1": "Small"}}, {"pk": 14, "model": "shop.productvariation", "fields": {"sale_to": null, "sku": "14", "product": 3, "sale_from": "2014-01-22T10:29:57Z", "default": true, "image": 7, "sale_id": null, "unit_price": "15", "num_in_stock": 30, "sale_price": "10", "option2": "Red", "option1": "Small"}}, {"pk": 15, "model": "shop.productvariation", "fields": {"sale_to": null, "sku": "15", "product": 3, "sale_from": null, "default": false, "image": 7, "sale_id": null, "unit_price": null, "num_in_stock": null, "sale_price": null, "option2": "Yellow", "option1": "Small"}}, {"pk": 16, "model": "shop.productvariation", "fields": {"sale_to": null, "sku": "16", "product": 4, "sale_from": "2014-01-22T10:47:23Z", "default": true, "image": 8, "sale_id": null, "unit_price": "34", "num_in_stock": 23, "sale_price": "13", "option2": "Red", "option1": "Small"}}, {"pk": 17, "model": "shop.productvariation", "fields": {"sale_to": null, "sku": "17", "product": 4, "sale_from": "2014-01-22T10:47:52Z", "default": false, "image": 8, "sale_id": null, "unit_price": "67", "num_in_stock": 45, "sale_price": "10", "option2": "Red", "option1": "Medium"}}, {"pk": 18, "model": "shop.productvariation", "fields": {"sale_to": null, "sku": "18", "product": 4, "sale_from": "2014-01-22T10:48:09Z", "default": false, "image": 8, "sale_id": null, "unit_price": "48", "num_in_stock": 56, "sale_price": "12", "option2": "Red", "option1": "Large"}}, {"pk": 19, "model": "shop.productvariation", "fields": {"sale_to": null, "sku": "19", "product": 4, "sale_from": "2014-01-22T10:48:26Z", "default": false, "image": 8, "sale_id": null, "unit_price": "35", "num_in_stock": 70, "sale_price": "24", "option2": "Yellow", "option1": "Small"}}, {"pk": 20, "model": "shop.productvariation", "fields": {"sale_to": null, "sku": "20", "product": 4, "sale_from": "2014-01-22T10:48:40Z", "default": false, "image": 8, "sale_id": null, "unit_price": "56", "num_in_stock": 89, "sale_price": "45", "option2": "Yellow", "option1": "Medium"}}, {"pk": 21, "model": "shop.productvariation", "fields": {"sale_to": null, "sku": "21", "product": 4, "sale_from": null, "default": false, "image": 8, "sale_id": null, "unit_price": "34", "num_in_stock": 100, "sale_price": "56", "option2": "Yellow", "option1": "Large"}}, {"pk": 22, "model": "shop.productvariation", "fields": {"sale_to": null, "sku": "22", "product": 4, "sale_from": "2014-01-15T10:49:11Z", "default": false, "image": 8, "sale_id": null, "unit_price": "120", "num_in_stock": 130, "sale_price": "34", "option2": "Green", "option1": "Small"}}, {"pk": 23, "model": "shop.productvariation", "fields": {"sale_to": null, "sku": "23", "product": 4, "sale_from": "2014-01-22T10:49:26Z", "default": false, "image": 8, "sale_id": null, "unit_price": "45", "num_in_stock": 140, "sale_price": "20", "option2": "Green", "option1": "Medium"}}, {"pk": 24, "model": "shop.productvariation", "fields": {"sale_to": null, "sku": "24", "product": 4, "sale_from": "2014-01-22T10:50:09Z", "default": false, "image": 8, "sale_id": null, "unit_price": "34", "num_in_stock": 50, "sale_price": "20", "option2": "Green", "option1": "Large"}}, {"pk": 25, "model": "shop.productvariation", "fields": {"sale_to": null, "sku": "25", "product": 4, "sale_from": "2014-01-22T10:50:21Z", "default": false, "image": 8, "sale_id": null, "unit_price": "40", "num_in_stock": 70, "sale_price": "30", "option2": "Blue", "option1": "Small"}}, {"pk": 26, "model": "shop.productvariation", "fields": {"sale_to": null, "sku": "26", "product": 4, "sale_from": "2014-01-15T10:50:36Z", "default": false, "image": 8, "sale_id": null, "unit_price": "50", "num_in_stock": 80, "sale_price": "45", "option2": "Blue", "option1": "Medium"}}, {"pk": 27, "model": "shop.productvariation", "fields": {"sale_to": null, "sku": "27", "product": 4, "sale_from": "2014-01-22T10:50:50Z", "default": false, "image": 8, "sale_id": null, "unit_price": "50", "num_in_stock": 65, "sale_price": "40", "option2": "Blue", "option1": "Large"}}, {"pk": 28, "model": "shop.productvariation", "fields": {"sale_to": null, "sku": "28", "product": 5, "sale_from": "2014-01-22T13:40:12Z", "default": true, "image": 9, "sale_id": 2, "unit_price": "12", "num_in_stock": 34, "sale_price": "11.96", "option2": "Red", "option1": null}}, {"pk": 29, "model": "shop.productvariation", "fields": {"sale_to": null, "sku": "29", "product": 5, "sale_from": "2014-01-22T13:40:12Z", "default": false, "image": 9, "sale_id": 2, "unit_price": "23", "num_in_stock": 45, "sale_price": "22.93", "option2": "Yellow", "option1": null}}, {"pk": 30, "model": "shop.productvariation", "fields": {"sale_to": null, "sku": "30", "product": 5, "sale_from": "2014-01-22T13:40:12Z", "default": false, "image": 9, "sale_id": 2, "unit_price": "24", "num_in_stock": 56, "sale_price": "23.93", "option2": "Green", "option1": null}}, {"pk": 31, "model": "shop.productvariation", "fields": {"sale_to": null, "sku": "31", "product": 5, "sale_from": "2014-01-22T13:40:12Z", "default": false, "image": 9, "sale_id": 2, "unit_price": "35", "num_in_stock": 78, "sale_price": "34.9", "option2": "Blue", "option1": null}}, {"pk": 32, "model": "shop.productvariation", "fields": {"sale_to": null, "sku": "32", "product": 6, "sale_from": null, "default": true, "image": 10, "sale_id": null, "unit_price": null, "num_in_stock": null, "sale_price": null, "option2": null, "option1": "Small"}}, {"pk": 33, "model": "shop.productvariation", "fields": {"sale_to": null, "sku": "33", "product": 6, "sale_from": null, "default": false, "image": 10, "sale_id": null, "unit_price": null, "num_in_stock": null, "sale_price": null, "option2": null, "option1": "Medium"}}, {"pk": 34, "model": "shop.productvariation", "fields": {"sale_to": null, "sku": "34", "product": 6, "sale_from": null, "default": false, "image": 10, "sale_id": null, "unit_price": null, "num_in_stock": null, "sale_price": null, "option2": null, "option1": "Large"}}, {"pk": 35, "model": "shop.productvariation", "fields": {"sale_to": null, "sku": "35", "product": 7, "sale_from": null, "default": true, "image": 11, "sale_id": null, "unit_price": null, "num_in_stock": null, "sale_price": null, "option2": "Red", "option1": "Small"}}, {"pk": 36, "model": "shop.productvariation", "fields": {"sale_to": null, "sku": "36", "product": 8, "sale_from": null, "default": true, "image": 12, "sale_id": null, "unit_price": "23", "num_in_stock": 233, "sale_price": "11.96", "option2": "Red", "option1": "Small"}}, {"pk": 37, "model": "shop.productvariation", "fields": {"sale_to": null, "sku": "37", "product": 8, "sale_from": null, "default": false, "image": 12, "sale_id": null, "unit_price": "56", "num_in_stock": 123, "sale_price": "34", "option2": "Red", "option1": "Medium"}}, {"pk": 38, "model": "shop.productvariation", "fields": {"sale_to": null, "sku": "38", "product": 8, "sale_from": null, "default": false, "image": 12, "sale_id": null, "unit_price": "67", "num_in_stock": 345, "sale_price": "23.93", "option2": "Yellow", "option1": "Small"}}, {"pk": 39, "model": "shop.productvariation", "fields": {"sale_to": null, "sku": "39", "product": 8, "sale_from": null, "default": false, "image": 12, "sale_id": null, "unit_price": "76", "num_in_stock": 567, "sale_price": "24", "option2": "Yellow", "option1": "Medium"}}, {"pk": 40, "model": "shop.productvariation", "fields": {"sale_to": null, "sku": "40", "product": 9, "sale_from": null, "default": true, "image": 13, "sale_id": null, "unit_price": "89", "num_in_stock": 787, "sale_price": "56", "option2": "Yellow", "option1": "Small"}}, {"pk": 41, "model": "shop.productvariation", "fields": {"sale_to": null, "sku": "41", "product": 9, "sale_from": null, "default": false, "image": 13, "sale_id": null, "unit_price": "45", "num_in_stock": 878, "sale_price": "34", "option2": "Yellow", "option1": "Medium"}}, {"pk": 42, "model": "shop.productvariation", "fields": {"sale_to": null, "sku": "42", "product": 9, "sale_from": null, "default": false, "image": 13, "sale_id": null, "unit_price": "78", "num_in_stock": 787, "sale_price": "23.93", "option2": "Green", "option1": "Small"}}, {"pk": 43, "model": "shop.productvariation", "fields": {"sale_to": null, "sku": "43", "product": 9, "sale_from": null, "default": false, "image": 13, "sale_id": null, "unit_price": "83", "num_in_stock": 787, "sale_price": "45", "option2": "Green", "option1": "Medium"}}, {"pk": 44, "model": "shop.productvariation", "fields": {"sale_to": null, "sku": "44", "product": 10, "sale_from": null, "default": true, "image": 14, "sale_id": null, "unit_price": "234", "num_in_stock": 7676, "sale_price": "56", "option2": "Red", "option1": "Small"}}, {"pk": 45, "model": "shop.productvariation", "fields": {"sale_to": null, "sku": "45", "product": 10, "sale_from": null, "default": false, "image": 14, "sale_id": null, "unit_price": "456", "num_in_stock": 6767, "sale_price": "67", "option2": "Yellow", "option1": "Small"}}, {"pk": 46, "model": "shop.productvariation", "fields": {"sale_to": null, "sku": "46", "product": 10, "sale_from": null, "default": false, "image": 14, "sale_id": null, "unit_price": "345", "num_in_stock": 6767, "sale_price": "78", "option2": "Yellow", "option1": "Medium"}}, {"pk": 47, "model": "shop.productvariation", "fields": {"sale_to": null, "sku": "47", "product": 11, "sale_from": null, "default": true, "image": 15, "sale_id": null, "unit_price": "23", "num_in_stock": 56, "sale_price": "12", "option2": "Red", "option1": "Small"}}, {"pk": 48, "model": "shop.productvariation", "fields": {"sale_to": null, "sku": "48", "product": 11, "sale_from": null, "default": false, "image": 15, "sale_id": null, "unit_price": "34", "num_in_stock": 56, "sale_price": "24", "option2": "Red", "option1": "Medium"}}, {"pk": 49, "model": "shop.productvariation", "fields": {"sale_to": null, "sku": "49", "product": 12, "sale_from": null, "default": true, "image": 16, "sale_id": null, "unit_price": "3434", "num_in_stock": 66, "sale_price": "2323", "option2": "Red", "option1": "Small"}}, {"pk": 50, "model": "shop.productvariation", "fields": {"sale_to": null, "sku": "50", "product": 12, "sale_from": null, "default": false, "image": 16, "sale_id": null, "unit_price": "4545", "num_in_stock": 45, "sale_price": "1212", "option2": "Red", "option1": "Medium"}}, {"pk": 51, "model": "shop.productvariation", "fields": {"sale_to": null, "sku": "51", "product": 12, "sale_from": null, "default": false, "image": 16, "sale_id": null, "unit_price": "4544", "num_in_stock": 45, "sale_price": "1212", "option2": "Red", "option1": "Large"}}, {"pk": 52, "model": "shop.productvariation", "fields": {"sale_to": null, "sku": "52", "product": 12, "sale_from": null, "default": false, "image": 16, "sale_id": null, "unit_price": "6767", "num_in_stock": 45, "sale_price": "2323", "option2": "Yellow", "option1": "Small"}}, {"pk": 53, "model": "shop.productvariation", "fields": {"sale_to": null, "sku": "53", "product": 12, "sale_from": null, "default": false, "image": 16, "sale_id": null, "unit_price": "7878", "num_in_stock": 56, "sale_price": "3433", "option2": "Yellow", "option1": "Medium"}}, {"pk": 54, "model": "shop.productvariation", "fields": {"sale_to": null, "sku": "54", "product": 12, "sale_from": null, "default": false, "image": 16, "sale_id": null, "unit_price": "7878", "num_in_stock": 56, "sale_price": "3434", "option2": "Yellow", "option1": "Large"}}, {"pk": 55, "model": "shop.productvariation", "fields": {"sale_to": null, "sku": "55", "product": 13, "sale_from": null, "default": true, "image": 17, "sale_id": null, "unit_price": "343", "num_in_stock": 671, "sale_price": "232", "option2": "Red", "option1": "Small"}}, {"pk": 56, "model": "shop.productvariation", "fields": {"sale_to": null, "sku": "56", "product": 13, "sale_from": null, "default": false, "image": 17, "sale_id": null, "unit_price": "343", "num_in_stock": 343, "sale_price": "121", "option2": "Red", "option1": "Medium"}}, {"pk": 57, "model": "shop.productvariation", "fields": {"sale_to": null, "sku": "57", "product": 13, "sale_from": null, "default": false, "image": 17, "sale_id": null, "unit_price": "565", "num_in_stock": 232, "sale_price": "121", "option2": "Yellow", "option1": "Small"}}, {"pk": 58, "model": "shop.productvariation", "fields": {"sale_to": null, "sku": "58", "product": 13, "sale_from": null, "default": false, "image": 17, "sale_id": null, "unit_price": "323", "num_in_stock": 454, "sale_price": "122", "option2": "Yellow", "option1": "Medium"}}, {"pk": 59, "model": "shop.productvariation", "fields": {"sale_to": null, "sku": "59", "product": 14, "sale_from": null, "default": true, "image": 18, "sale_id": null, "unit_price": "343", "num_in_stock": 342, "sale_price": "233", "option2": "Red", "option1": "Small"}}, {"pk": 60, "model": "shop.productvariation", "fields": {"sale_to": null, "sku": "60", "product": 14, "sale_from": null, "default": false, "image": 18, "sale_id": null, "unit_price": "232", "num_in_stock": 343, "sale_price": "121", "option2": "Red", "option1": "Medium"}}, {"pk": 61, "model": "shop.productvariation", "fields": {"sale_to": null, "sku": "61", "product": 14, "sale_from": null, "default": false, "image": 18, "sale_id": null, "unit_price": "121", "num_in_stock": 453, "sale_price": "121", "option2": "Yellow", "option1": "Small"}}, {"pk": 62, "model": "shop.productvariation", "fields": {"sale_to": null, "sku": "62", "product": 14, "sale_from": null, "default": false, "image": 18, "sale_id": null, "unit_price": "433", "num_in_stock": 1212, "sale_price": "323", "option2": "Yellow", "option1": "Medium"}}, {"pk": 63, "model": "shop.productvariation", "fields": {"sale_to": null, "sku": "63", "product": 14, "sale_from": null, "default": false, "image": 18, "sale_id": null, "unit_price": "121", "num_in_stock": 323, "sale_price": "23", "option2": "Green", "option1": "Small"}}, {"pk": 64, "model": "shop.productvariation", "fields": {"sale_to": null, "sku": "64", "product": 14, "sale_from": null, "default": false, "image": 18, "sale_id": null, "unit_price": "233", "num_in_stock": 675, "sale_price": "121", "option2": "Green", "option1": "Medium"}}, {"pk": 65, "model": "shop.productvariation", "fields": {"sale_to": null, "sku": "65", "product": 15, "sale_from": null, "default": true, "image": 19, "sale_id": null, "unit_price": "343", "num_in_stock": 343, "sale_price": "233", "option2": "Red", "option1": "Small"}}, {"pk": 66, "model": "shop.productvariation", "fields": {"sale_to": null, "sku": "66", "product": 15, "sale_from": null, "default": false, "image": 19, "sale_id": null, "unit_price": "121", "num_in_stock": 232, "sale_price": "45", "option2": "Red", "option1": "Medium"}}, {"pk": 71, "model": "shop.productvariation", "fields": {"sale_to": null, "sku": "71", "product": 18, "sale_from": null, "default": true, "image": 22, "sale_id": null, "unit_price": "233", "num_in_stock": 342, "sale_price": "122", "option2": "Yellow", "option1": "Small"}}, {"pk": 72, "model": "shop.productvariation", "fields": {"sale_to": null, "sku": "72", "product": 18, "sale_from": null, "default": false, "image": 22, "sale_id": null, "unit_price": "232", "num_in_stock": 544, "sale_price": "89", "option2": "Green", "option1": "Small"}}, {"pk": 73, "model": "shop.productvariation", "fields": {"sale_to": null, "sku": "73", "product": 19, "sale_from": null, "default": true, "image": 23, "sale_id": null, "unit_price": "233", "num_in_stock": 545, "sale_price": "123", "option2": "Yellow", "option1": "Small"}}, {"pk": 74, "model": "shop.productvariation", "fields": {"sale_to": null, "sku": "74", "product": 19, "sale_from": null, "default": false, "image": 23, "sale_id": null, "unit_price": "121", "num_in_stock": 454, "sale_price": "12", "option2": "Yellow", "option1": "Medium"}}, {"pk": 75, "model": "shop.productvariation", "fields": {"sale_to": null, "sku": "75", "product": 20, "sale_from": null, "default": true, "image": 24, "sale_id": null, "unit_price": "23", "num_in_stock": 1, "sale_price": "10", "option2": "Red", "option1": "Small"}}, {"pk": 76, "model": "shop.productvariation", "fields": {"sale_to": null, "sku": "76", "product": 21, "sale_from": null, "default": true, "image": 25, "sale_id": null, "unit_price": "322", "num_in_stock": 34, "sale_price": "233", "option2": "Red", "option1": "Small"}}, {"pk": 77, "model": "shop.productvariation", "fields": {"sale_to": null, "sku": "77", "product": 21, "sale_from": null, "default": false, "image": 25, "sale_id": null, "unit_price": "233", "num_in_stock": 23, "sale_price": "233", "option2": "Red", "option1": "Medium"}}, {"pk": 78, "model": "shop.productvariation", "fields": {"sale_to": null, "sku": "78", "product": 21, "sale_from": null, "default": false, "image": 25, "sale_id": null, "unit_price": "233", "num_in_stock": 12, "sale_price": "121", "option2": "Yellow", "option1": "Small"}}, {"pk": 79, "model": "shop.productvariation", "fields": {"sale_to": null, "sku": "79", "product": 21, "sale_from": null, "default": false, "image": 25, "sale_id": null, "unit_price": "1212", "num_in_stock": 232, "sale_price": "322", "option2": "Yellow", "option1": "Medium"}}, {"pk": 80, "model": "shop.productvariation", "fields": {"sale_to": null, "sku": "80", "product": 22, "sale_from": null, "default": true, "image": 26, "sale_id": null, "unit_price": "121", "num_in_stock": 34, "sale_price": "12", "option2": "Red", "option1": "Small"}}, {"pk": 81, "model": "shop.productvariation", "fields": {"sale_to": null, "sku": "81", "product": 22, "sale_from": null, "default": false, "image": 26, "sale_id": null, "unit_price": "232", "num_in_stock": 21, "sale_price": "121", "option2": "Red", "option1": "Medium"}}, {"pk": 82, "model": "shop.productvariation", "fields": {"sale_to": null, "sku": "82", "product": 22, "sale_from": null, "default": false, "image": 26, "sale_id": null, "unit_price": "232", "num_in_stock": 23, "sale_price": "124", "option2": "Yellow", "option1": "Small"}}, {"pk": 83, "model": "shop.productvariation", "fields": {"sale_to": null, "sku": "83", "product": 22, "sale_from": null, "default": false, "image": 26, "sale_id": null, "unit_price": "233", "num_in_stock": 121, "sale_price": "122", "option2": "Yellow", "option1": "Medium"}}, {"pk": 84, "model": "shop.productvariation", "fields": {"sale_to": null, "sku": "84", "product": 23, "sale_from": null, "default": true, "image": 27, "sale_id": null, "unit_price": null, "num_in_stock": null, "sale_price": null, "option2": "Red", "option1": "Small"}}, {"pk": 85, "model": "shop.productvariation", "fields": {"sale_to": null, "sku": "85", "product": 23, "sale_from": null, "default": false, "image": 27, "sale_id": null, "unit_price": null, "num_in_stock": null, "sale_price": null, "option2": "Red", "option1": "Medium"}}, {"pk": 86, "model": "shop.productvariation", "fields": {"sale_to": null, "sku": "86", "product": 23, "sale_from": null, "default": false, "image": 27, "sale_id": null, "unit_price": null, "num_in_stock": null, "sale_price": null, "option2": "Yellow", "option1": "Small"}}, {"pk": 87, "model": "shop.productvariation", "fields": {"sale_to": null, "sku": "87", "product": 23, "sale_from": null, "default": false, "image": 27, "sale_id": null, "unit_price": null, "num_in_stock": null, "sale_price": null, "option2": "Yellow", "option1": "Medium"}}, {"pk": 88, "model": "shop.productvariation", "fields": {"sale_to": null, "sku": "88", "product": 23, "sale_from": null, "default": false, "image": 27, "sale_id": null, "unit_price": null, "num_in_stock": null, "sale_price": null, "option2": "Blue", "option1": "Large"}}, {"pk": 89, "model": "shop.productvariation", "fields": {"sale_to": null, "sku": "89", "product": 23, "sale_from": null, "default": false, "image": 27, "sale_id": null, "unit_price": null, "num_in_stock": null, "sale_price": null, "option2": "Green", "option1": "Medium"}}, {"pk": 7, "model": "shop.category", "fields": {"price_max": null, "sale": null, "price_min": null, "content": "<p>\u00a0\u00a0</p>", "products": [1, 2, 3, 4, 5, 6, 7, 8, 9, 10, 11, 12, 13, 14, 15, 18, 19, 20, 21, 22, 23], "combined": true, "featured_image": null, "options": []}}, {"pk": 1, "model": "shop.order", "fields": {"status": 2, "shipping_detail_country": "Australia", "additional_instructions": "new house", "billing_detail_city": "melbourne", "shipping_detail_city": "melbourne", "billing_detail_country": "Australia", "shipping_detail_phone": "0426851234", "shipping_type": "Flat rate shipping", "total": "60", "shipping_detail_postcode": "1006", "billing_detail_phone": "0426851234", "tax_total": "0", "shipping_detail_last_name": "z", "billing_detail_street": "lu", "shipping_detail_first_name": "too", "billing_detail_last_name": "z", "discount_code": "", "billing_detail_postcode": "1006", "shipping_total": "10", "shipping_detail_state": "new south wales", "item_total": "50", "billing_detail_state": "new south wales", "key": "9awnzerbnazn7es308zgh2jab9qkcrjt", "user_id": 1, "billing_detail_first_name": "too", "shipping_detail_street": "lu", "billing_detail_email": "zouluclara@gmail.com", "transaction_id": null, "time": "2014-01-22T11:34:57.210Z", "discount_total": null, "tax_type": "Tax"}}, {"pk": 2, "model": "shop.order", "fields": {"status": 2, "shipping_detail_country": "china", "additional_instructions": "dedede", "billing_detail_city": "cd", "shipping_detail_city": "cd", "billing_detail_country": "china", "shipping_detail_phone": "18600218186", "shipping_type": "Diff rate shipping", "total": "465", "shipping_detail_postcode": "1006123", "billing_detail_phone": "18600218186", "tax_total": "0", "shipping_detail_last_name": "jian", "billing_detail_street": "cdcd", "shipping_detail_first_name": "dong", "billing_detail_last_name": "jian", "discount_code": "", "billing_detail_postcode": "1006123", "shipping_total": "0", "shipping_detail_state": "cdcd", "item_total": "465", "billing_detail_state": "cdcd", "key": "qzx61fx02dpx5zlofbbbj66zzuqmv1ih", "user_id": 5, "billing_detail_first_name": "dong", "shipping_detail_street": "cdcd", "billing_detail_email": "ddongjian0000@sina.com", "transaction_id": null, "time": "2014-03-10T16:01:57.172Z", "discount_total": null, "tax_type": "Tax"}}, {"pk": 3, "model": "shop.order", "fields": {"status": 2, "shipping_detail_country": "china", "additional_instructions": "dedede", "billing_detail_city": "cd", "shipping_detail_city": "cd", "billing_detail_country": "china", "shipping_detail_phone": "18600218186", "shipping_type": "Diff rate shipping", "total": "11.96", "shipping_detail_postcode": "1006123", "billing_detail_phone": "18600218186", "tax_total": "0", "shipping_detail_last_name": "jian", "billing_detail_street": "cdcd", "shipping_detail_first_name": "dong", "billing_detail_last_name": "jian", "discount_code": "", "billing_detail_postcode": "1006123", "shipping_total": "0", "shipping_detail_state": "cdcd", "item_total": "11.96", "billing_detail_state": "cdcd", "key": "qzx61fx02dpx5zlofbbbj66zzuqmv1ih", "user_id": 5, "billing_detail_first_name": "dong", "shipping_detail_street": "cdcd", "billing_detail_email": "ddongjian0000@sina.com", "transaction_id": null, "time": "2014-03-10T16:29:34.413Z", "discount_total": null, "tax_type": "Tax"}}, {"pk": 4, "model": "shop.order", "fields": {"status": 1, "shipping_detail_country": "china", "additional_instructions": "", "billing_detail_city": "ciahi", "shipping_detail_city": "ciahi", "billing_detail_country": "china", "shipping_detail_phone": "18600218186", "shipping_type": "Diff rate shipping", "total": "465", "shipping_detail_postcode": "100910", "billing_detail_phone": "18600218186", "tax_total": "0", "shipping_detail_last_name": "dong", "billing_detail_street": "hebei,heihe", "shipping_detail_first_name": "dongjian", "billing_detail_last_name": "dong", "discount_code": "", "billing_detail_postcode": "100910", "shipping_total": "0", "shipping_detail_state": "niadsd", "item_total": "465", "billing_detail_state": "niadsd", "key": "8i78exsk5tgpbvnw0unzfpcp0ykyn0l1", "user_id": null, "billing_detail_first_name": "dongjian", "shipping_detail_street": "hebei,heihe", "billing_detail_email": "ddongjian000@sina.comd", "transaction_id": null, "time": "2014-03-14T17:39:54.303Z", "discount_total": null, "tax_type": "Tax"}}, {"pk": 5, "model": "shop.order", "fields": {"status": 1, "shipping_detail_country": "china", "additional_instructions": "", "billing_detail_city": "ciahi", "shipping_detail_city": "ciahi", "billing_detail_country": "china", "shipping_detail_phone": "18600218186", "shipping_type": "Diff rate shipping", "total": "232", "shipping_detail_postcode": "100910", "billing_detail_phone": "18600218186", "tax_total": "0", "shipping_detail_last_name": "dong", "billing_detail_street": "hebei,heihe", "shipping_detail_first_name": "dongjian", "billing_detail_last_name": "dong", "discount_code": "", "billing_detail_postcode": "100910", "shipping_total": "0", "shipping_detail_state": "niadsd", "item_total": "232", "billing_detail_state": "niadsd", "key": "8i78exsk5tgpbvnw0unzfpcp0ykyn0l1", "user_id": null, "billing_detail_first_name": "dongjian", "shipping_detail_street": "hebei,heihe", "billing_detail_email": "ddongjian000@sina.comd", "transaction_id": "10632987", "time": "2014-03-15T04:47:48.588Z", "discount_total": null, "tax_type": "Tax"}}, {"pk": 6, "model": "shop.order", "fields": {"status": 1, "shipping_detail_country": "china", "additional_instructions": "", "billing_detail_city": "ciahi", "shipping_detail_city": "ciahi", "billing_detail_country": "china", "shipping_detail_phone": "18600218186", "shipping_type": "Diff rate shipping", "total": "232", "shipping_detail_postcode": "100910", "billing_detail_phone": "18600218186", "tax_total": "0", "shipping_detail_last_name": "dong", "billing_detail_street": "hebei,heihe", "shipping_detail_first_name": "dongjian", "billing_detail_last_name": "dong", "discount_code": "", "billing_detail_postcode": "100910", "shipping_total": "0", "shipping_detail_state": "niadsd", "item_total": "232", "billing_detail_state": "niadsd", "key": "8i78exsk5tgpbvnw0unzfpcp0ykyn0l1", "user_id": null, "billing_detail_first_name": "dongjian", "shipping_detail_street": "hebei,heihe", "billing_detail_email": "ddongjian000@sina.comd", "transaction_id": "10632988", "time": "2014-03-15T04:47:48.758Z", "discount_total": null, "tax_type": "Tax"}}, {"pk": 7, "model": "shop.order", "fields": {"status": 1, "shipping_detail_country": "\u4e2d\u56fd", "additional_instructions": "", "billing_detail_city": "asdsd", "shipping_detail_city": "asdsd", "billing_detail_country": "\u4e2d\u56fd", "shipping_detail_phone": "18600218186", "shipping_type": "Diff rate shipping", "total": "232", "shipping_detail_postcode": "100812", "billing_detail_phone": "18600218186", "tax_total": "0", "shipping_detail_last_name": "ZOU", "billing_detail_street": "dasd", "shipping_detail_first_name": "Lu", "billing_detail_last_name": "ZOU", "discount_code": "", "billing_detail_postcode": "100812", "shipping_total": "0", "shipping_detail_state": "asdsd", "item_total": "232", "billing_detail_state": "asdsd", "key": "av13c88zjfo9qe1xlryp48uht2cths44", "user_id": 1, "billing_detail_first_name": "Lu", "shipping_detail_street": "dasd", "billing_detail_email": "ddongjian0000@gmail.com", "transaction_id": "", "time": "2014-03-15T06:03:00.842Z", "discount_total": null, "tax_type": "Tax"}}, {"pk": 8, "model": "shop.order", "fields": {"status": 1, "shipping_detail_country": "\u4e2d\u56fd", "additional_instructions": "", "billing_detail_city": "asdsd", "shipping_detail_city": "asdsd", "billing_detail_country": "\u4e2d\u56fd", "shipping_detail_phone": "18600218186", "shipping_type": "Diff rate shipping", "total": "232", "shipping_detail_postcode": "100812", "billing_detail_phone": "18600218186", "tax_total": "0", "shipping_detail_last_name": "ZOU", "billing_detail_street": "dasd", "shipping_detail_first_name": "Lu", "billing_detail_last_name": "ZOU", "discount_code": "", "billing_detail_postcode": "100812", "shipping_total": "0", "shipping_detail_state": "asdsd", "item_total": "232", "billing_detail_state": "asdsd", "key": "av13c88zjfo9qe1xlryp48uht2cths44", "user_id": 1, "billing_detail_first_name": "Lu", "shipping_detail_street": "dasd", "billing_detail_email": "ddongjian0000@gmail.com", "transaction_id": "", "time": "2014-03-15T06:04:53.963Z", "discount_total": null, "tax_type": "Tax"}}, {"pk": 9, "model": "shop.order", "fields": {"status": 1, "shipping_detail_country": "\u4e2d\u56fd", "additional_instructions": "", "billing_detail_city": "asdsd", "shipping_detail_city": "asdsd", "billing_detail_country": "\u4e2d\u56fd", "shipping_detail_phone": "18600218186", "shipping_type": "Diff rate shipping", "total": "2323", "shipping_detail_postcode": "100812", "billing_detail_phone": "18600218186", "tax_total": "0", "shipping_detail_last_name": "ZOU", "billing_detail_street": "dasd", "shipping_detail_first_name": "Lu", "billing_detail_last_name": "ZOU", "discount_code": "", "billing_detail_postcode": "100812", "shipping_total": "0", "shipping_detail_state": "asdsd", "item_total": "2323", "billing_detail_state": "asdsd", "key": "av13c88zjfo9qe1xlryp48uht2cths44", "user_id": 1, "billing_detail_first_name": "Lu", "shipping_detail_street": "dasd", "billing_detail_email": "ddongjian0000@gmail.com", "transaction_id": "10633083", "time": "2014-03-15T06:08:18.930Z", "discount_total": null, "tax_type": "Tax"}}, {"pk": 1, "model": "shop.cart", "fields": {"last_updated": "2014-03-16T15:32:05.944Z"}}, {"pk": 1, "model": "shop.cartitem", "fields": {"sku": "36", "total_price": "11.96", "description": "pretty dress Size: Small, Colour: Red", "url": "/shop/product/pretty-dress/", "image": "product/5.png", "cart": 1, "unit_price": "11.96", "quantity": 1}}, {"pk": 1, "model": "shop.orderitem", "fields": {"sku": "1", "total_price": "50", "description": "Django Pony Size: Small, Colour: Red", "unit_price": "5", "order": 1, "quantity": 10}}, {"pk": 2, "model": "shop.orderitem", "fields": {"sku": "55", "total_price": "232", "description": "table Size: Small, Colour: Red", "unit_price": "232", "order": 2, "quantity": 1}}, {"pk": 3, "model": "shop.orderitem", "fields": {"sku": "59", "total_price": "233", "description": "eleckey Size: Small, Colour: Red", "unit_price": "233", "order": 2, "quantity": 1}}, {"pk": 4, "model": "shop.orderitem", "fields": {"sku": "36", "total_price": "11.96", "description": "pretty dress Size: Small, Colour: Red", "unit_price": "11.96", "order": 3, "quantity": 1}}, {"pk": 5, "model": "shop.orderitem", "fields": {"sku": "55", "total_price": "232", "description": "table Size: Small, Colour: Red", "unit_price": "232", "order": 4, "quantity": 1}}, {"pk": 6, "model": "shop.orderitem", "fields": {"sku": "59", "total_price": "233", "description": "eleckey Size: Small, Colour: Red", "unit_price": "233", "order": 4, "quantity": 1}}, {"pk": 7, "model": "shop.orderitem", "fields": {"sku": "55", "total_price": "232", "description": "table Size: Small, Colour: Red", "unit_price": "232", "order": 5, "quantity": 1}}, {"pk": 8, "model": "shop.orderitem", "fields": {"sku": "55", "total_price": "232", "description": "table Size: Small, Colour: Red", "unit_price": "232", "order": 6, "quantity": 1}}, {"pk": 9, "model": "shop.orderitem", "fields": {"sku": "55", "total_price": "232", "description": "table Size: Small, Colour: Red", "unit_price": "232", "order": 7, "quantity": 1}}, {"pk": 10, "model": "shop.orderitem", "fields": {"sku": "55", "total_price": "232", "description": "table Size: Small, Colour: Red", "unit_price": "232", "order": 8, "quantity": 1}}, {"pk": 11, "model": "shop.orderitem", "fields": {"sku": "49", "total_price": "2323", "description": "great laptop Size: Small, Colour: Red", "unit_price": "2323", "order": 9, "quantity": 1}}, {"pk": 1, "model": "shop.productaction", "fields": {"timestamp": 735236, "product": 1, "total_purchase": 0, "total_cart": 1}}, {"pk": 2, "model": "shop.productaction", "fields": {"timestamp": 735250, "product": 1, "total_purchase": 1, "total_cart": 1}}, {"pk": 3, "model": "shop.productaction", "fields": {"timestamp": 735254, "product": 1, "total_purchase": 0, "total_cart": 1}}, {"pk": 4, "model": "shop.productaction", "fields": {"timestamp": 735255, "product": 1, "total_purchase": 1, "total_cart": 2}}, {"pk": 5, "model": "shop.productaction", "fields": {"timestamp": 735257, "product": 5, "total_purchase": 0, "total_cart": 1}}, {"pk": 6, "model": "shop.productaction", "fields": {"timestamp": 735258, "product": 1, "total_purchase": 0, "total_cart": 1}}, {"pk": 7, "model": "shop.productaction", "fields": {"timestamp": 735260, "product": 3, "total_purchase": 0, "total_cart": 1}}, {"pk": 8, "model": "shop.productaction", "fields": {"timestamp": 735263, "product": 3, "total_purchase": 0, "total_cart": 1}}, {"pk": 9, "model": "shop.productaction", "fields": {"timestamp": 735267, "product": 20, "total_purchase": 0, "total_cart": 1}}, {"pk": 10, "model": "shop.productaction", "fields": {"timestamp": 735268, "product": 20, "total_purchase": 0, "total_cart": 1}}, {"pk": 11, "model": "shop.productaction", "fields": {"timestamp": 735281, "product": 12, "total_purchase": 0, "total_cart": 1}}, {"pk": 12, "model": "shop.productaction", "fields": {"timestamp": 735281, "product": 13, "total_purchase": 0, "total_cart": 2}}, {"pk": 13, "model": "shop.productaction", "fields": {"timestamp": 735302, "product": 14, "total_purchase": 0, "total_cart": 3}}, {"pk": 14, "model": "shop.productaction", "fields": {"timestamp": 735302, "product": 13, "total_purchase": 0, "total_cart": 1}}, {"pk": 15, "model": "shop.productaction", "fields": {"timestamp": 735303, "product": 13, "total_purchase": 1, "total_cart": 0}}, {"pk": 16, "model": "shop.productaction", "fields": {"timestamp": 735303, "product": 14, "total_purchase": 1, "total_cart": 1}}, {"pk": 17, "model": "shop.productaction", "fields": {"timestamp": 735303, "product": 12, "total_purchase": 0, "total_cart": 1}}, {"pk": 18, "model": "shop.productaction", "fields": {"timestamp": 735303, "product": 8, "total_purchase": 1, "total_cart": 1}}, {"pk": 19, "model": "shop.productaction", "fields": {"timestamp": 735304, "product": 13, "total_purchase": 0, "total_cart": 1}}, {"pk": 20, "model": "shop.productaction", "fields": {"timestamp": 735306, "product": 13, "total_purchase": 0, "total_cart": 1}}, {"pk": 21, "model": "shop.productaction", "fields": {"timestamp": 735307, "product": 13, "total_purchase": 4, "total_cart": 4}}, {"pk": 22, "model": "shop.productaction", "fields": {"timestamp": 735307, "product": 14, "total_purchase": 0, "total_cart": 1}}, {"pk": 23, "model": "shop.productaction", "fields": {"timestamp": 735307, "product": 12, "total_purchase": 1, "total_cart": 1}}, {"pk": 24, "model": "shop.productaction", "fields": {"timestamp": 735308, "product": 13, "total_purchase": 0, "total_cart": 1}}, {"pk": 25, "model": "shop.productaction", "fields": {"timestamp": 735308, "product": 10, "total_purchase": 0, "total_cart": 1}}, {"pk": 26, "model": "shop.productaction", "fields": {"timestamp": 735308, "product": 14, "total_purchase": 0, "total_cart": 1}}, {"pk": 27, "model": "shop.productaction", "fields": {"timestamp": 735308, "product": 8, "total_purchase": 0, "total_cart": 1}}, {"pk": 1, "model": "shop.sale", "fields": {"valid_from": null, "title": "50% off ponies.", "valid_to": null, "products": [1], "categories": [], "discount_percent": "50", "active": true, "discount_exact": null, "discount_deduct": null}}, {"pk": 2, "model": "shop.sale", "fields": {"valid_from": "2014-01-22T13:40:12Z", "title": "big sale big return", "valid_to": null, "products": [5], "categories": [7], "discount_percent": "0.3", "active": true, "discount_exact": null, "discount_deduct": null}}, {"pk": 1, "model": "shop.discountcode", "fields": {"free_shipping": true, "valid_from": "2014-01-22T11:04:19Z", "title": "discount code ", "uses_remaining": 6, "categories": [7], "valid_to": null, "code": "dfdfdfefdfee", "products": [1], "min_purchase": "5", "discount_percent": "0.2", "active": true, "discount_exact": null, "discount_deduct": null}}, {"pk": 1, "model": "conf.setting", "fields": {"site": 1, "value": "", "name": "GOOGLE_ANALYTICS_ID"}}, {"pk": 2, "model": "conf.setting", "fields": {"site": 1, "value": "True", "name": "SHOP_PAYMENT_STEP_ENABLED"}}, {"pk": 3, "model": "conf.setting", "fields": {"site": 1, "value": "10", "name": "SEARCH_PER_PAGE"}}, {"pk": 4, "model": "conf.setting", "fields": {"site": 1, "value": "5", "name": "COMMENTS_NUM_LATEST"}}, {"pk": 5, "model": "conf.setting", "fields": {"site": 1, "value": "", "name": "ACCOUNTS_APPROVAL_EMAILS"}}, {"pk": 6, "model": "conf.setting", "fields": {"site": 1, "value": "", "name": "COMMENTS_DISQUS_API_PUBLIC_KEY"}}, {"pk": 7, "model": "conf.setting", "fields": {"site": 1, "value": "1", "name": "RICHTEXT_FILTER_LEVEL"}}, {"pk": 8, "model": "conf.setting", "fields": {"site": 1, "value": "", "name": "TWITTER_CONSUMER_SECRET"}}, {"pk": 9, "model": "conf.setting", "fields": {"site": 1, "value": "True", "name": "COMMENTS_UNAPPROVED_VISIBLE"}}, {"pk": 10, "model": "conf.setting", "fields": {"site": 1, "value": "", "name": "SHOP_ORDER_EMAIL_BCC"}}, {"pk": 11, "model": "conf.setting", "fields": {"site": 1, "value": "Selling the best fancy products!", "name": "SITE_TAGLINE"}}, {"pk": 12, "model": "conf.setting", "fields": {"site": 1, "value": "search", "name": "TWITTER_DEFAULT_QUERY_TYPE"}}, {"pk": 13, "model": "conf.setting", "fields": {"site": 1, "value": "True", "name": "COMMENTS_REMOVED_VISIBLE"}}, {"pk": 14, "model": "conf.setting", "fields": {"site": 1, "value": "3", "name": "TWITTER_DEFAULT_NUM_TWEETS"}}, {"pk": 15, "model": "conf.setting", "fields": {"site": 1, "value": "40", "name": "SHOP_PER_PAGE_CATEGORY"}}, {"pk": 16, "model": "conf.setting", "fields": {"site": 1, "value": "", "name": "BITLY_ACCESS_TOKEN"}}, {"pk": 17, "model": "conf.setting", "fields": {"site": 1, "value": "False", "name": "SHOP_CHECKOUT_ACCOUNT_REQUIRED"}}, {"pk": 18, "model": "conf.setting", "fields": {"site": 1, "value": "False", "name": "SSL_ENABLED"}}, {"pk": 19, "model": "conf.setting", "fields": {"site": 1, "value": "", "name": "AKISMET_API_KEY"}}, {"pk": 20, "model": "conf.setting", "fields": {"site": 1, "value": "True", "name": "SHOP_DISCOUNT_FIELD_IN_CART"}}, {"pk": 21, "model": "conf.setting", "fields": {"site": 1, "value": "", "name": "TWITTER_ACCESS_TOKEN_KEY"}}, {"pk": 22, "model": "conf.setting", "fields": {"site": 1, "value": "10.0", "name": "SHOP_DEFAULT_SHIPPING_VALUE"}}, {"pk": 23, "model": "conf.setting", "fields": {"site": 1, "value": "from:stephen_mcd mezzanine", "name": "TWITTER_DEFAULT_QUERY"}}, {"pk": 24, "model": "conf.setting", "fields": {"site": 1, "value": "Oz Trend", "name": "SITE_TITLE"}}, {"pk": 25, "model": "conf.setting", "fields": {"site": 1, "value": "5", "name": "BLOG_POST_PER_PAGE"}}, {"pk": 26, "model": "conf.setting", "fields": {"site": 1, "value": "", "name": "COMMENTS_NOTIFICATION_EMAILS"}}, {"pk": 27, "model": "conf.setting", "fields": {"site": 1, "value": "True", "name": "SHOP_DISCOUNT_FIELD_IN_CHECKOUT"}}, {"pk": 28, "model": "conf.setting", "fields": {"site": 1, "value": "", "name": "COMMENTS_DISQUS_API_SECRET_KEY"}}, {"pk": 29, "model": "conf.setting", "fields": {"site": 1, "value": "", "name": "TWITTER_CONSUMER_KEY"}}, {"pk": 30, "model": "conf.setting", "fields": {"site": 1, "value": "False", "name": "COMMENTS_ACCOUNT_REQUIRED"}}, {"pk": 31, "model": "conf.setting", "fields": {"site": 1, "value": "Order Receipt", "name": "SHOP_ORDER_EMAIL_SUBJECT"}}, {"pk": 32, "model": "conf.setting", "fields": {"site": 1, "value": "", "name": "SSL_FORCE_HOST"}}, {"pk": 33, "model": "conf.setting", "fields": {"site": 1, "value": "10", "name": "MAX_PAGING_LINKS"}}, {"pk": 34, "model": "conf.setting", "fields": {"site": 1, "value": "", "name": "TWITTER_ACCESS_TOKEN_SECRET"}}, {"pk": 35, "model": "conf.setting", "fields": {"site": 1, "value": "4", "name": "TAG_CLOUD_SIZES"}}, {"pk": 36, "model": "conf.setting", "fields": {"site": 1, "value": "", "name": "COMMENTS_DISQUS_SHORTNAME"}}, {"pk": 37, "model": "conf.setting", "fields": {"site": 1, "value": "do_not_reply@Lus-MacBook-Air-3.local", "name": "SHOP_ORDER_FROM_EMAIL"}}, {"pk": 38, "model": "conf.setting", "fields": {"site": 1, "value": "True", "name": "COMMENTS_DEFAULT_APPROVED"}}, {"pk": 39, "model": "conf.setting", "fields": {"site": 1, "value": "False", "name": "RATINGS_ACCOUNT_REQUIRED"}}, {"pk": 1, "model": "generic.keyword", "fields": {"slug": "dd", "site": 1, "title": "dd"}}, {"pk": 2, "model": "generic.keyword", "fields": {"slug": "children", "site": 1, "title": "children"}}, {"pk": 1, "model": "generic.assignedkeyword", "fields": {"object_pk": 3, "_order": 0, "content_type": 8, "keyword": 2}}, {"pk": 3, "model": "forms.form", "fields": {"email_message": "this is the message", "email_copies": "zouluclara@gmail.com,victoriazou88@gmail.com", "button_text": "Submit", "response": "<p>Thanks for getting in touch with us. We'll get back to you as soon as possible.</p>", "content": "<p>Fill in the form below to get in touch with us.</p>", "send_email": true, "email_subject": "hello", "email_from": "ddongjian0000@gmail.com"}}, {"pk": 8, "model": "forms.form", "fields": {"email_message": "this is the message", "email_copies": "zouluclara@gmail.com,victoriazou88@gmail.com", "button_text": "Submit", "response": "<p>Thanks for getting in touch with us. We'll get back to you as soon as possible.</p>", "content": "<p>Fill in the form below to get in touch with us.</p>", "send_email": true, "email_subject": "hello", "email_from": "ddongjian0000@gmail.com"}}, {"pk": 1, "model": "forms.field", "fields": {"field_type": 1, "_order": 0, "form": 3, "default": "", "required": true, "label": "Name", "visible": true, "help_text": "", "placeholder_text": "", "choices": ""}}, {"pk": 2, "model": "forms.field", "fields": {"field_type": 3, "_order": 1, "form": 3, "default": "", "required": true, "label": "Email", "visible": true, "help_text": "", "placeholder_text": "", "choices": ""}}, {"pk": 3, "model": "forms.field", "fields": {"field_type": 6, "_order": 2, "form": 3, "default": "", "required": true, "label": "Subject", "visible": true, "help_text": "", "placeholder_text": "", "choices": "Billing, Sales, Support"}}, {"pk": 4, "model": "forms.field", "fields": {"field_type": 2, "_order": 3, "form": 3, "default": "", "required": true, "label": "Message", "visible": true, "help_text": "", "placeholder_text": "", "choices": ""}}, {"pk": 5, "model": "forms.field", "fields": {"field_type": 1, "_order": 0, "form": 8, "default": "", "required": true, "label": "Name", "visible": true, "help_text": "", "placeholder_text": "", "choices": ""}}, {"pk": 6, "model": "forms.field", "fields": {"field_type": 3, "_order": 1, "form": 8, "default": "", "required": true, "label": "Email", "visible": true, "help_text": "", "placeholder_text": "", "choices": ""}}, {"pk": 7, "model": "forms.field", "fields": {"field_type": 6, "_order": 2, "form": 8, "default": "", "required": true, "label": "Subject", "visible": true, "help_text": "", "placeholder_text": "", "choices": ""}}, {"pk": 8, "model": "forms.field", "fields": {"field_type": 2, "_order": 3, "form": 8, "default": "", "required": true, "label": "Message", "visible": true, "help_text": "", "placeholder_text": "", "choices": ""}}, {"pk": 1, "model": "forms.formentry", "fields": {"entry_time": "2014-01-22T06:05:21.541Z", "form": 3}}, {"pk": 2, "model": "forms.formentry", "fields": {"entry_time": "2014-02-23T11:24:53.211Z", "form": 3}}, {"pk": 3, "model": "forms.formentry", "fields": {"entry_time": "2014-02-23T11:34:15.576Z", "form": 3}}, {"pk": 4, "model": "forms.formentry", "fields": {"entry_time": "2014-03-15T05:15:22.890Z", "form": 3}}, {"pk": 5, "model": "forms.formentry", "fields": {"entry_time": "2014-03-15T16:46:21.645Z", "form": 3}}, {"pk": 1, "model": "forms.fieldentry", "fields": {"entry": 1, "field_id": 1, "value": "lu"}}, {"pk": 2, "model": "forms.fieldentry", "fields": {"entry": 1, "field_id": 2, "value": "zouluclara@gmail.com"}}, {"pk": 3, "model": "forms.fieldentry", "fields": {"entry": 1, "field_id": 3, "value": "Billing"}}, {"pk": 4, "model": "forms.fieldentry", "fields": {"entry": 1, "field_id": 4, "value": "i am not quite cute"}}, {"pk": 5, "model": "forms.fieldentry", "fields": {"entry": 2, "field_id": 1, "value": "Lu"}}, {"pk": 6, "model": "forms.fieldentry", "fields": {"entry": 2, "field_id": 2, "value": "zouluclara@gmail.com"}}, {"pk": 7, "model": "forms.fieldentry", "fields": {"entry": 2, "field_id": 3, "value": "Billing"}}, {"pk": 8, "model": "forms.fieldentry", "fields": {"entry": 2, "field_id": 4, "value": "hello what is my message"}}, {"pk": 9, "model": "forms.fieldentry", "fields": {"entry": 3, "field_id": 1, "value": "lu"}}, {"pk": 10, "model": "forms.fieldentry", "fields": {"entry": 3, "field_id": 2, "value": "zouluclara@gmail.com"}}, {"pk": 11, "model": "forms.fieldentry", "fields": {"entry": 3, "field_id": 3, "value": "Billing"}}, {"pk": 12, "model": "forms.fieldentry", "fields": {"entry": 3, "field_id": 4, "value": "when is the billing time"}}, {"pk": 13, "model": "forms.fieldentry", "fields": {"entry": 4, "field_id": 1, "value": "dong"}}, {"pk": 14, "model": "forms.fieldentry", "fields": {"entry": 4, "field_id": 2, "value": "ddongjian0000@gmail.com"}}, {"pk": 15, "model": "forms.fieldentry", "fields": {"entry": 4, "field_id": 3, "value": "Support"}}, {"pk": 16, "model": "forms.fieldentry", "fields": {"entry": 4, "field_id": 4, "value": "dongjiajadsd"}}, {"pk": 17, "model": "forms.fieldentry", "fields": {"entry": 5, "field_id": 1, "value": "edede"}}, {"pk": 18, "model": "forms.fieldentry", "fields": {"entry": 5, "field_id": 2, "value": "ddongjian0000@gmail.com"}}, {"pk": 19, "model": "forms.fieldentry", "fields": {"entry": 5, "field_id": 3, "value": "Billing"}}, {"pk": 20, "model": "forms.fieldentry", "fields": {"entry": 5, "field_id": 4, "value": "dedede"}}, {"pk": 3, "model": "pages.page", "fields": {"status": 2, "login_required": false, "updated": "2014-03-15T05:14:31.578Z", "_order": 0, "titles": "Contact", "description": "Fill in the form below to get in touch with us.", "parent": null, "title": "Contact", "short_url": null, "created": null, "site": 1, "in_sitemap": true, "keywords_string": "", "_meta_title": "", "expiry_date": "2014-03-15T05:12:25Z", "publish_date": "2014-03-15T05:13:37Z", "content_model": "form", "in_menus": "1,2,3", "slug": "contact", "gen_description": true}}, {"pk": 6, "model": "pages.page", "fields": {"status": 2, "login_required": false, "updated": "2014-02-01T08:54:54.817Z", "_order": 0, "titles": "Contact / Legals", "description": "Legals", "parent": 3, "title": "Legals", "short_url": null, "created": null, "site": 1, "in_sitemap": true, "keywords_string": "", "_meta_title": null, "expiry_date": null, "publish_date": "2014-02-01T08:54:22.940Z", "content_model": "richtextpage", "in_menus": "1,2,3", "slug": "contact/legals", "gen_description": true}}, {"pk": 7, "model": "pages.page", "fields": {"status": 2, "login_required": false, "updated": "2014-02-21T03:20:02.205Z", "_order": -1, "titles": "Shop", "description": "", "parent": null, "title": "Shop", "short_url": null, "created": null, "site": 1, "in_sitemap": true, "keywords_string": "", "_meta_title": "", "expiry_date": null, "publish_date": "2014-02-01T02:11:51Z", "content_model": "category", "in_menus": "1,2,3", "slug": "/", "gen_description": false}}, {"pk": 8, "model": "pages.page", "fields": {"status": 2, "login_required": false, "updated": "2014-03-15T05:51:29.461Z", "_order": 1, "titles": "Contact / compliant ", "description": "Fill in the form below to get in touch with us.", "parent": 3, "title": "compliant ", "short_url": null, "created": "2014-03-15T05:48:01.971Z", "site": 1, "in_sitemap": true, "keywords_string": "", "_meta_title": "", "expiry_date": "2014-03-15T05:43:04Z", "publish_date": "2014-03-15T05:43:02Z", "content_model": "form", "in_menus": "1,2,3", "slug": "contact/contact-2", "gen_description": true}}, {"pk": 6, "model": "pages.richtextpage", "fields": {"content": "<p>Legals</p>"}}, {"pk": 1, "model": "twitter.query", "fields": {"interested": true, "type": "search", "value": "from:stephen_mcd mezzanine"}}, {"pk": 1, "model": "twitter.tweet", "fields": {"retweeter_profile_image_url": null, "text": "Drum is now packaged on PyPI as an installable app &amp; Mezzanine project template, for Django 1.6 &amp; Python 3.3: <a href=\"http://t.co/9P7SBRKOsx\">http://t.co/9P7SBRKOsx</a> <a href=\"http://twitter.com/search?q=%23django\">#django</a>", "created_at": "2013-12-26T01:48:16Z", "remote_id": "416022620547457024", "retweeter_user_name": null, "profile_image_url": "http://pbs.twimg.com/profile_images/378800000785660544/c0d91874a83ba404e77598720697d935_normal.jpeg", "full_name": "Stephen McDonald", "query": 1, "user_name": "stephen_mcd", "retweeter_full_name": null}}, {"pk": 1, "model": "secretballot.vote", "fields": {"vote": 1, "token": "zouluclara", "object_id": 14, "content_type": 8}}, {"pk": 2, "model": "secretballot.vote", "fields": {"vote": 1, "token": "zouluclara", "object_id": 20, "content_type": 8}}, {"pk": 3, "model": "secretballot.vote", "fields": {"vote": 1, "token": "victoriazou", "object_id": 20, "content_type": 8}}, {"pk": 4, "model": "secretballot.vote", "fields": {"vote": 1, "token": "victoriazou", "object_id": 6, "content_type": 8}}, {"pk": 5, "model": "secretballot.vote", "fields": {"vote": 1, "token": "victoriazou", "object_id": 4, "content_type": 8}}, {"pk": 6, "model": "secretballot.vote", "fields": {"vote": 1, "token": "victoriazou", "object_id": 14, "content_type": 8}}, {"pk": 7, "model": "secretballot.vote", "fields": {"vote": 1, "token": "victoriazou", "object_id": 8, "content_type": 8}}, {"pk": 8, "model": "secretballot.vote", "fields": {"vote": 1, "token": "victoriazou", "object_id": 3, "content_type": 8}}, {"pk": 9, "model": "secretballot.vote", "fields": {"vote": 1, "token": "victoriazou", "object_id": 2, "content_type": 8}}, {"pk": 10, "model": "secretballot.vote", "fields": {"vote": 1, "token": "victoriazou", "object_id": 9, "content_type": 8}}, {"pk": 11, "model": "secretballot.vote", "fields": {"vote": 1, "token": "victoriazou", "object_id": 15, "content_type": 8}}, {"pk": 12, "model": "secretballot.vote", "fields": {"vote": 1, "token": "victoriazou", "object_id": 13, "content_type": 8}}, {"pk": 13, "model": "secretballot.vote", "fields": {"vote": 1, "token": "ea1a493a7997586c736d4627f1700d59", "object_id": 13, "content_type": 8}}, {"pk": 14, "model": "secretballot.vote", "fields": {"vote": 1, "token": "ea1a493a7997586c736d4627f1700d59", "object_id": 14, "content_type": 8}}, {"pk": 15, "model": "secretballot.vote", "fields": {"vote": 1, "token": "victoriazou", "object_id": 11, "content_type": 8}}, {"pk": 16, "model": "secretballot.vote", "fields": {"vote": 1, "token": "zouluclara", "object_id": 1, "content_type": 8}}, {"pk": 17, "model": "secretballot.vote", "fields": {"vote": 1, "token": "zouluclara", "object_id": 5, "content_type": 8}}, {"pk": 18, "model": "secretballot.vote", "fields": {"vote": 1, "token": "zouluclara", "object_id": 13, "content_type": 8}}, {"pk": 19, "model": "secretballot.vote", "fields": {"vote": 1, "token": "ddongjian0000", "object_id": 13, "content_type": 8}}, {"pk": 1, "model": "auth.permission", "fields": {"codename": "add_permission", "name": "Can add permission", "content_type": 1}}, {"pk": 2, "model": "auth.permission", "fields": {"codename": "change_permission", "name": "Can change permission", "content_type": 1}}, {"pk": 3, "model": "auth.permission", "fields": {"codename": "delete_permission", "name": "Can delete permission", "content_type": 1}}, {"pk": 4, "model": "auth.permission", "fields": {"codename": "add_group", "name": "Can add group", "content_type": 2}}, {"pk": 5, "model": "auth.permission", "fields": {"codename": "change_group", "name": "Can change group", "content_type": 2}}, {"pk": 6, "model": "auth.permission", "fields": {"codename": "delete_group", "name": "Can delete group", "content_type": 2}}, {"pk": 7, "model": "auth.permission", "fields": {"codename": "add_user", "name": "Can add user", "content_type": 3}}, {"pk": 8, "model": "auth.permission", "fields": {"codename": "change_user", "name": "Can change user", "content_type": 3}}, {"pk": 9, "model": "auth.permission", "fields": {"codename": "delete_user", "name": "Can delete user", "content_type": 3}}, {"pk": 10, "model": "auth.permission", "fields": {"codename": "add_contenttype", "name": "Can add content type", "content_type": 4}}, {"pk": 11, "model": "auth.permission", "fields": {"codename": "change_contenttype", "name": "Can change content type", "content_type": 4}}, {"pk": 12, "model": "auth.permission", "fields": {"codename": "delete_contenttype", "name": "Can delete content type", "content_type": 4}}, {"pk": 13, "model": "auth.permission", "fields": {"codename": "add_redirect", "name": "Can add redirect", "content_type": 5}}, {"pk": 14, "model": "auth.permission", "fields": {"codename": "change_redirect", "name": "Can change redirect", "content_type": 5}}, {"pk": 15, "model": "auth.permission", "fields": {"codename": "delete_redirect", "name": "Can delete redirect", "content_type": 5}}, {"pk": 16, "model": "auth.permission", "fields": {"codename": "add_session", "name": "Can add session", "content_type": 6}}, {"pk": 17, "model": "auth.permission", "fields": {"codename": "change_session", "name": "Can change session", "content_type": 6}}, {"pk": 18, "model": "auth.permission", "fields": {"codename": "delete_session", "name": "Can delete session", "content_type": 6}}, {"pk": 19, "model": "auth.permission", "fields": {"codename": "add_site", "name": "Can add site", "content_type": 7}}, {"pk": 20, "model": "auth.permission", "fields": {"codename": "change_site", "name": "Can change site", "content_type": 7}}, {"pk": 21, "model": "auth.permission", "fields": {"codename": "delete_site", "name": "Can delete site", "content_type": 7}}, {"pk": 22, "model": "auth.permission", "fields": {"codename": "add_product", "name": "Can add Product", "content_type": 8}}, {"pk": 23, "model": "auth.permission", "fields": {"codename": "change_product", "name": "Can change Product", "content_type": 8}}, {"pk": 24, "model": "auth.permission", "fields": {"codename": "delete_product", "name": "Can delete Product", "content_type": 8}}, {"pk": 25, "model": "auth.permission", "fields": {"codename": "add_productimage", "name": "Can add Image", "content_type": 9}}, {"pk": 26, "model": "auth.permission", "fields": {"codename": "change_productimage", "name": "Can change Image", "content_type": 9}}, {"pk": 27, "model": "auth.permission", "fields": {"codename": "delete_productimage", "name": "Can delete Image", "content_type": 9}}, {"pk": 28, "model": "auth.permission", "fields": {"codename": "add_productoption", "name": "Can add Product option", "content_type": 10}}, {"pk": 29, "model": "auth.permission", "fields": {"codename": "change_productoption", "name": "Can change Product option", "content_type": 10}}, {"pk": 30, "model": "auth.permission", "fields": {"codename": "delete_productoption", "name": "Can delete Product option", "content_type": 10}}, {"pk": 31, "model": "auth.permission", "fields": {"codename": "add_productvariation", "name": "Can add product variation", "content_type": 11}}, {"pk": 32, "model": "auth.permission", "fields": {"codename": "change_productvariation", "name": "Can change product variation", "content_type": 11}}, {"pk": 33, "model": "auth.permission", "fields": {"codename": "delete_productvariation", "name": "Can delete product variation", "content_type": 11}}, {"pk": 34, "model": "auth.permission", "fields": {"codename": "add_category", "name": "Can add Product category", "content_type": 12}}, {"pk": 35, "model": "auth.permission", "fields": {"codename": "change_category", "name": "Can change Product category", "content_type": 12}}, {"pk": 36, "model": "auth.permission", "fields": {"codename": "delete_category", "name": "Can delete Product category", "content_type": 12}}, {"pk": 37, "model": "auth.permission", "fields": {"codename": "add_order", "name": "Can add Order", "content_type": 13}}, {"pk": 38, "model": "auth.permission", "fields": {"codename": "change_order", "name": "Can change Order", "content_type": 13}}, {"pk": 39, "model": "auth.permission", "fields": {"codename": "delete_order", "name": "Can delete Order", "content_type": 13}}, {"pk": 40, "model": "auth.permission", "fields": {"codename": "add_cart", "name": "Can add cart", "content_type": 14}}, {"pk": 41, "model": "auth.permission", "fields": {"codename": "change_cart", "name": "Can change cart", "content_type": 14}}, {"pk": 42, "model": "auth.permission", "fields": {"codename": "delete_cart", "name": "Can delete cart", "content_type": 14}}, {"pk": 43, "model": "auth.permission", "fields": {"codename": "add_cartitem", "name": "Can add cart item", "content_type": 15}}, {"pk": 44, "model": "auth.permission", "fields": {"codename": "change_cartitem", "name": "Can change cart item", "content_type": 15}}, {"pk": 45, "model": "auth.permission", "fields": {"codename": "delete_cartitem", "name": "Can delete cart item", "content_type": 15}}, {"pk": 46, "model": "auth.permission", "fields": {"codename": "add_orderitem", "name": "Can add order item", "content_type": 16}}, {"pk": 47, "model": "auth.permission", "fields": {"codename": "change_orderitem", "name": "Can change order item", "content_type": 16}}, {"pk": 48, "model": "auth.permission", "fields": {"codename": "delete_orderitem", "name": "Can delete order item", "content_type": 16}}, {"pk": 49, "model": "auth.permission", "fields": {"codename": "add_productaction", "name": "Can add product action", "content_type": 17}}, {"pk": 50, "model": "auth.permission", "fields": {"codename": "change_productaction", "name": "Can change product action", "content_type": 17}}, {"pk": 51, "model": "auth.permission", "fields": {"codename": "delete_productaction", "name": "Can delete product action", "content_type": 17}}, {"pk": 52, "model": "auth.permission", "fields": {"codename": "add_sale", "name": "Can add Sale", "content_type": 18}}, {"pk": 53, "model": "auth.permission", "fields": {"codename": "change_sale", "name": "Can change Sale", "content_type": 18}}, {"pk": 54, "model": "auth.permission", "fields": {"codename": "delete_sale", "name": "Can delete Sale", "content_type": 18}}, {"pk": 55, "model": "auth.permission", "fields": {"codename": "add_discountcode", "name": "Can add Discount code", "content_type": 19}}, {"pk": 56, "model": "auth.permission", "fields": {"codename": "change_discountcode", "name": "Can change Discount code", "content_type": 19}}, {"pk": 57, "model": "auth.permission", "fields": {"codename": "delete_discountcode", "name": "Can delete Discount code", "content_type": 19}}, {"pk": 58, "model": "auth.permission", "fields": {"codename": "add_setting", "name": "Can add Setting", "content_type": 20}}, {"pk": 59, "model": "auth.permission", "fields": {"codename": "change_setting", "name": "Can change Setting", "content_type": 20}}, {"pk": 60, "model": "auth.permission", "fields": {"codename": "delete_setting", "name": "Can delete Setting", "content_type": 20}}, {"pk": 61, "model": "auth.permission", "fields": {"codename": "add_sitepermission", "name": "Can add Site permission", "content_type": 21}}, {"pk": 62, "model": "auth.permission", "fields": {"codename": "change_sitepermission", "name": "Can change Site permission", "content_type": 21}}, {"pk": 63, "model": "auth.permission", "fields": {"codename": "delete_sitepermission", "name": "Can delete Site permission", "content_type": 21}}, {"pk": 64, "model": "auth.permission", "fields": {"codename": "add_threadedcomment", "name": "Can add Comment", "content_type": 22}}, {"pk": 65, "model": "auth.permission", "fields": {"codename": "change_threadedcomment", "name": "Can change Comment", "content_type": 22}}, {"pk": 66, "model": "auth.permission", "fields": {"codename": "delete_threadedcomment", "name": "Can delete Comment", "content_type": 22}}, {"pk": 67, "model": "auth.permission", "fields": {"codename": "add_keyword", "name": "Can add Keyword", "content_type": 23}}, {"pk": 68, "model": "auth.permission", "fields": {"codename": "change_keyword", "name": "Can change Keyword", "content_type": 23}}, {"pk": 69, "model": "auth.permission", "fields": {"codename": "delete_keyword", "name": "Can delete Keyword", "content_type": 23}}, {"pk": 70, "model": "auth.permission", "fields": {"codename": "add_assignedkeyword", "name": "Can add assigned keyword", "content_type": 24}}, {"pk": 71, "model": "auth.permission", "fields": {"codename": "change_assignedkeyword", "name": "Can change assigned keyword", "content_type": 24}}, {"pk": 72, "model": "auth.permission", "fields": {"codename": "delete_assignedkeyword", "name": "Can delete assigned keyword", "content_type": 24}}, {"pk": 73, "model": "auth.permission", "fields": {"codename": "add_rating", "name": "Can add Rating", "content_type": 25}}, {"pk": 74, "model": "auth.permission", "fields": {"codename": "change_rating", "name": "Can change Rating", "content_type": 25}}, {"pk": 75, "model": "auth.permission", "fields": {"codename": "delete_rating", "name": "Can delete Rating", "content_type": 25}}, {"pk": 76, "model": "auth.permission", "fields": {"codename": "add_blogpost", "name": "Can add Blog post", "content_type": 26}}, {"pk": 77, "model": "auth.permission", "fields": {"codename": "change_blogpost", "name": "Can change Blog post", "content_type": 26}}, {"pk": 78, "model": "auth.permission", "fields": {"codename": "delete_blogpost", "name": "Can delete Blog post", "content_type": 26}}, {"pk": 79, "model": "auth.permission", "fields": {"codename": "add_blogcategory", "name": "Can add Blog Category", "content_type": 27}}, {"pk": 80, "model": "auth.permission", "fields": {"codename": "change_blogcategory", "name": "Can change Blog Category", "content_type": 27}}, {"pk": 81, "model": "auth.permission", "fields": {"codename": "delete_blogcategory", "name": "Can delete Blog Category", "content_type": 27}}, {"pk": 82, "model": "auth.permission", "fields": {"codename": "add_form", "name": "Can add Form", "content_type": 28}}, {"pk": 83, "model": "auth.permission", "fields": {"codename": "change_form", "name": "Can change Form", "content_type": 28}}, {"pk": 84, "model": "auth.permission", "fields": {"codename": "delete_form", "name": "Can delete Form", "content_type": 28}}, {"pk": 85, "model": "auth.permission", "fields": {"codename": "add_field", "name": "Can add Field", "content_type": 29}}, {"pk": 86, "model": "auth.permission", "fields": {"codename": "change_field", "name": "Can change Field", "content_type": 29}}, {"pk": 87, "model": "auth.permission", "fields": {"codename": "delete_field", "name": "Can delete Field", "content_type": 29}}, {"pk": 88, "model": "auth.permission", "fields": {"codename": "add_formentry", "name": "Can add Form entry", "content_type": 30}}, {"pk": 89, "model": "auth.permission", "fields": {"codename": "change_formentry", "name": "Can change Form entry", "content_type": 30}}, {"pk": 90, "model": "auth.permission", "fields": {"codename": "delete_formentry", "name": "Can delete Form entry", "content_type": 30}}, {"pk": 91, "model": "auth.permission", "fields": {"codename": "add_fieldentry", "name": "Can add Form field entry", "content_type": 31}}, {"pk": 92, "model": "auth.permission", "fields": {"codename": "change_fieldentry", "name": "Can change Form field entry", "content_type": 31}}, {"pk": 93, "model": "auth.permission", "fields": {"codename": "delete_fieldentry", "name": "Can delete Form field entry", "content_type": 31}}, {"pk": 94, "model": "auth.permission", "fields": {"codename": "add_page", "name": "Can add Page", "content_type": 32}}, {"pk": 95, "model": "auth.permission", "fields": {"codename": "change_page", "name": "Can change Page", "content_type": 32}}, {"pk": 96, "model": "auth.permission", "fields": {"codename": "delete_page", "name": "Can delete Page", "content_type": 32}}, {"pk": 97, "model": "auth.permission", "fields": {"codename": "add_richtextpage", "name": "Can add Rich text page", "content_type": 33}}, {"pk": 98, "model": "auth.permission", "fields": {"codename": "change_richtextpage", "name": "Can change Rich text page", "content_type": 33}}, {"pk": 99, "model": "auth.permission", "fields": {"codename": "delete_richtextpage", "name": "Can delete Rich text page", "content_type": 33}}, {"pk": 100, "model": "auth.permission", "fields": {"codename": "add_link", "name": "Can add Link", "content_type": 34}}, {"pk": 101, "model": "auth.permission", "fields": {"codename": "change_link", "name": "Can change Link", "content_type": 34}}, {"pk": 102, "model": "auth.permission", "fields": {"codename": "delete_link", "name": "Can delete Link", "content_type": 34}}, {"pk": 103, "model": "auth.permission", "fields": {"codename": "add_gallery", "name": "Can add Gallery", "content_type": 35}}, {"pk": 104, "model": "auth.permission", "fields": {"codename": "change_gallery", "name": "Can change Gallery", "content_type": 35}}, {"pk": 105, "model": "auth.permission", "fields": {"codename": "delete_gallery", "name": "Can delete Gallery", "content_type": 35}}, {"pk": 106, "model": "auth.permission", "fields": {"codename": "add_galleryimage", "name": "Can add Image", "content_type": 36}}, {"pk": 107, "model": "auth.permission", "fields": {"codename": "change_galleryimage", "name": "Can change Image", "content_type": 36}}, {"pk": 108, "model": "auth.permission", "fields": {"codename": "delete_galleryimage", "name": "Can delete Image", "content_type": 36}}, {"pk": 109, "model": "auth.permission", "fields": {"codename": "add_query", "name": "Can add Twitter query", "content_type": 37}}, {"pk": 110, "model": "auth.permission", "fields": {"codename": "change_query", "name": "Can change Twitter query", "content_type": 37}}, {"pk": 111, "model": "auth.permission", "fields": {"codename": "delete_query", "name": "Can delete Twitter query", "content_type": 37}}, {"pk": 112, "model": "auth.permission", "fields": {"codename": "add_tweet", "name": "Can add Tweet", "content_type": 38}}, {"pk": 113, "model": "auth.permission", "fields": {"codename": "change_tweet", "name": "Can change Tweet", "content_type": 38}}, {"pk": 114, "model": "auth.permission", "fields": {"codename": "delete_tweet", "name": "Can delete Tweet", "content_type": 38}}, {"pk": 115, "model": "auth.permission", "fields": {"codename": "add_logentry", "name": "Can add log entry", "content_type": 39}}, {"pk": 116, "model": "auth.permission", "fields": {"codename": "change_logentry", "name": "Can change log entry", "content_type": 39}}, {"pk": 117, "model": "auth.permission", "fields": {"codename": "delete_logentry", "name": "Can delete log entry", "content_type": 39}}, {"pk": 118, "model": "auth.permission", "fields": {"codename": "add_comment", "name": "Can add comment", "content_type": 40}}, {"pk": 119, "model": "auth.permission", "fields": {"codename": "change_comment", "name": "Can change comment", "content_type": 40}}, {"pk": 120, "model": "auth.permission", "fields": {"codename": "delete_comment", "name": "Can delete comment", "content_type": 40}}, {"pk": 121, "model": "auth.permission", "fields": {"codename": "can_moderate", "name": "Can moderate comments", "content_type": 40}}, {"pk": 122, "model": "auth.permission", "fields": {"codename": "add_commentflag", "name": "Can add comment flag", "content_type": 41}}, {"pk": 123, "model": "auth.permission", "fields": {"codename": "change_commentflag", "name": "Can change comment flag", "content_type": 41}}, {"pk": 124, "model": "auth.permission", "fields": {"codename": "delete_commentflag", "name": "Can delete comment flag", "content_type": 41}}, {"pk": 125, "model": "auth.permission", "fields": {"codename": "add_vote", "name": "Can add vote", "content_type": 42}}, {"pk": 126, "model": "auth.permission", "fields": {"codename": "change_vote", "name": "Can change vote", "content_type": 42}}, {"pk": 127, "model": "auth.permission", "fields": {"codename": "delete_vote", "name": "Can delete vote", "content_type": 42}}, {"pk": 128, "model": "auth.permission", "fields": {"codename": "add_authorizeaimresponse", "name": "Can add authorize aim response", "content_type": 43}}, {"pk": 129, "model": "auth.permission", "fields": {"codename": "change_authorizeaimresponse", "name": "Can change authorize aim response", "content_type": 43}}, {"pk": 130, "model": "auth.permission", "fields": {"codename": "delete_authorizeaimresponse", "name": "Can delete authorize aim response", "content_type": 43}}, {"pk": 131, "model": "auth.permission", "fields": {"codename": "add_gcnewordernotification", "name": "Can add gc new order notification", "content_type": 44}}, {"pk": 132, "model": "auth.permission", "fields": {"codename": "change_gcnewordernotification", "name": "Can change gc new order notification", "content_type": 44}}, {"pk": 133, "model": "auth.permission", "fields": {"codename": "delete_gcnewordernotification", "name": "Can delete gc new order notification", "content_type": 44}}, {"pk": 134, "model": "auth.permission", "fields": {"codename": "add_worldpayresponse", "name": "Can add world pay response", "content_type": 45}}, {"pk": 135, "model": "auth.permission", "fields": {"codename": "change_worldpayresponse", "name": "Can change world pay response", "content_type": 45}}, {"pk": 136, "model": "auth.permission", "fields": {"codename": "delete_worldpayresponse", "name": "Can delete world pay response", "content_type": 45}}, {"pk": 137, "model": "auth.permission", "fields": {"codename": "add_amazonfpsresponse", "name": "Can add amazon fps response", "content_type": 46}}, {"pk": 138, "model": "auth.permission", "fields": {"codename": "change_amazonfpsresponse", "name": "Can change amazon fps response", "content_type": 46}}, {"pk": 139, "model": "auth.permission", "fields": {"codename": "delete_amazonfpsresponse", "name": "Can delete amazon fps response", "content_type": 46}}, {"pk": 140, "model": "auth.permission", "fields": {"codename": "add_paylanetransaction", "name": "Can add paylane transaction", "content_type": 47}}, {"pk": 141, "model": "auth.permission", "fields": {"codename": "change_paylanetransaction", "name": "Can change paylane transaction", "content_type": 47}}, {"pk": 142, "model": "auth.permission", "fields": {"codename": "delete_paylanetransaction", "name": "Can delete paylane transaction", "content_type": 47}}, {"pk": 143, "model": "auth.permission", "fields": {"codename": "add_paylaneauthorization", "name": "Can add paylane authorization", "content_type": 48}}, {"pk": 144, "model": "auth.permission", "fields": {"codename": "change_paylaneauthorization", "name": "Can change paylane authorization", "content_type": 48}}, {"pk": 145, "model": "auth.permission", "fields": {"codename": "delete_paylaneauthorization", "name": "Can delete paylane authorization", "content_type": 48}}, {"pk": 146, "model": "auth.permission", "fields": {"codename": "add_pincard", "name": "Can add pin card", "content_type": 49}}, {"pk": 147, "model": "auth.permission", "fields": {"codename": "change_pincard", "name": "Can change pin card", "content_type": 49}}, {"pk": 148, "model": "auth.permission", "fields": {"codename": "delete_pincard", "name": "Can delete pin card", "content_type": 49}}, {"pk": 149, "model": "auth.permission", "fields": {"codename": "add_pincustomer", "name": "Can add pin customer", "content_type": 50}}, {"pk": 150, "model": "auth.permission", "fields": {"codename": "change_pincustomer", "name": "Can change pin customer", "content_type": 50}}, {"pk": 151, "model": "auth.permission", "fields": {"codename": "delete_pincustomer", "name": "Can delete pin customer", "content_type": 50}}, {"pk": 152, "model": "auth.permission", "fields": {"codename": "add_pincharge", "name": "Can add pin charge", "content_type": 51}}, {"pk": 153, "model": "auth.permission", "fields": {"codename": "change_pincharge", "name": "Can change pin charge", "content_type": 51}}, {"pk": 154, "model": "auth.permission", "fields": {"codename": "delete_pincharge", "name": "Can delete pin charge", "content_type": 51}}, {"pk": 155, "model": "auth.permission", "fields": {"codename": "add_pinrefund", "name": "Can add pin refund", "content_type": 52}}, {"pk": 156, "model": "auth.permission", "fields": {"codename": "change_pinrefund", "name": "Can change pin refund", "content_type": 52}}, {"pk": 157, "model": "auth.permission", "fields": {"codename": "delete_pinrefund", "name": "Can delete pin refund", "content_type": 52}}, {"pk": 1, "model": "auth.user", "fields": {"username": "zouluclara", "first_name": "Lu", "last_name": "ZOU", "is_active": true, "is_superuser": true, "is_staff": true, "last_login": "2014-04-20T03:09:27.139Z", "groups": [], "user_permissions": [], "password": "pbkdf2_sha256$12000$9QMPI4gpeTnr$n3vbxwSQPLdwqwESBlAgBxWRENalLmXOZ5/FMk/Ae3w=", "email": "ddongjian0000@gmail.com", "date_joined": "2014-01-02T15:13:57.553Z"}}, {"pk": 2, "model": "auth.user", "fields": {"username": "luzou", "first_name": "", "last_name": "", "is_active": true, "is_superuser": true, "is_staff": true, "last_login": "2014-01-14T08:07:07.325Z", "groups": [], "user_permissions": [], "password": "pbkdf2_sha256$12000$HTf7B4jBQ5hi$hTRzV6npQ+Xf7FQvtPnOV+fhADogqDmxtW3ZxoMD0GY=", "email": "zouluclara@gmail.com", "date_joined": "2014-01-14T08:05:55.531Z"}}, {"pk": 3, "model": "auth.user", "fields": {"username": "victoriazou", "first_name": "Lu", "last_name": "Z", "is_active": true, "is_superuser": false, "is_staff": false, "last_login": "2014-02-16T10:35:21.409Z", "groups": [], "user_permissions": [], "password": "pbkdf2_sha256$12000$cXrfCkY5yC91$NXriszZGCSXiIiB13u+6x9+mkZA8dEnGxMFak0SxbVw=", "email": "victoriazou88@gmail.com", "date_joined": "2014-02-16T10:35:21.308Z"}}, {"pk": 4, "model": "auth.user", "fields": {"username": "victoriazz", "first_name": "Luu", "last_name": "ZOUU", "is_active": true, "is_superuser": false, "is_staff": false, "last_login": "2014-02-21T06:02:09.147Z", "groups": [], "user_permissions": [], "password": "pbkdf2_sha256$12000$07TAxVzxC7Tp$IyiCiTrgcBSGuUHe9j0M13A+upSdSgSaLBV9TmHcVnE=", "email": "victoriazz@gmail.com", "date_joined": "2014-02-21T06:02:09.025Z"}}, {"pk": 5, "model": "auth.user", "fields": {"username": "ddongjian0000", "first_name": "dong", "last_name": "jian", "is_active": true, "is_superuser": false, "is_staff": false, "last_login": "2014-03-10T15:13:01.381Z", "groups": [], "user_permissions": [], "password": "pbkdf2_sha256$10000$WPXHD652z3TM$+oUMgbFwgsIAP9ivrqdhOlkmwPYg1dLDAG41BMq4khA=", "email": "ddongjian0000@sina.com", "date_joined": "2014-03-10T15:13:01.302Z"}}, {"pk": 1, "model": "generic.rating", "fields": {"object_pk": 5, "content_type": 8, "rating_date": "2014-01-23T23:45:23.010Z", "value": 4, "user": 1}}, {"pk": 2, "model": "generic.rating", "fields": {"object_pk": 13, "content_type": 8, "rating_date": "2014-02-16T12:18:12.391Z", "value": 2, "user": 3}}, {"pk": 3, "model": "generic.rating", "fields": {"object_pk": 14, "content_type": 8, "rating_date": "2014-03-10T15:22:21.078Z", "value": 2, "user": 5}}, {"pk": 4, "model": "generic.rating", "fields": {"object_pk": 13, "content_type": 8, "rating_date": "2014-03-10T15:56:15.656Z", "value": 3, "user": 5}}, {"pk": 1, "model": "admin.logentry", "fields": {"action_flag": 1, "action_time": "2014-01-14T08:14:18.434Z", "object_repr": "rabbit", "object_id": "2", "change_message": "", "user": 2, "content_type": 8}}, {"pk": 2, "model": "admin.logentry", "fields": {"action_flag": 2, "action_time": "2014-01-16T12:58:40.081Z", "object_repr": "Blog", "object_id": "1", "change_message": "Changed _meta_title and keywords.", "user": 2, "content_type": 33}}, {"pk": 3, "model": "admin.logentry", "fields": {"action_flag": 2, "action_time": "2014-01-16T12:58:52.934Z", "object_repr": "Blog", "object_id": "1", "change_message": "Changed keywords.", "user": 2, "content_type": 33}}, {"pk": 4, "model": "admin.logentry", "fields": {"action_flag": 3, "action_time": "2014-01-21T07:26:26.142Z", "object_repr": "Blog", "object_id": "1", "change_message": "", "user": 1, "content_type": 33}}, {"pk": 5, "model": "admin.logentry", "fields": {"action_flag": 3, "action_time": "2014-01-21T07:27:01.034Z", "object_repr": "About", "object_id": "2", "change_message": "", "user": 1, "content_type": 32}}, {"pk": 6, "model": "admin.logentry", "fields": {"action_flag": 3, "action_time": "2014-01-22T05:16:12.530Z", "object_repr": "rabbit", "object_id": "2", "change_message": "", "user": 1, "content_type": 8}}, {"pk": 7, "model": "admin.logentry", "fields": {"action_flag": 1, "action_time": "2014-01-22T05:37:44.004Z", "object_repr": "cool chair", "object_id": "2", "change_message": "", "user": 1, "content_type": 8}}, {"pk": 8, "model": "admin.logentry", "fields": {"action_flag": 2, "action_time": "2014-01-22T05:44:46.924Z", "object_repr": "#1 Lu ZOU 2014-01-17 07:09:44.532351+00:00", "object_id": "1", "change_message": "Changed status.", "user": 1, "content_type": 13}}, {"pk": 9, "model": "admin.logentry", "fields": {"action_flag": 2, "action_time": "2014-01-22T05:46:41.779Z", "object_repr": "#1 Lu ZOU 2014-01-17 07:09:44.532351+00:00", "object_id": "1", "change_message": "No fields changed.", "user": 1, "content_type": 13}}, {"pk": 10, "model": "admin.logentry", "fields": {"action_flag": 3, "action_time": "2014-01-22T06:23:33.330Z", "object_repr": "cool chair", "object_id": "2", "change_message": "", "user": 1, "content_type": 8}}, {"pk": 11, "model": "admin.logentry", "fields": {"action_flag": 3, "action_time": "2014-01-22T06:39:54.697Z", "object_repr": "#1 Lu ZOU 2014-01-17 07:09:44.532351+00:00", "object_id": "1", "change_message": "", "user": 1, "content_type": 13}}, {"pk": 12, "model": "admin.logentry", "fields": {"action_flag": 1, "action_time": "2014-01-22T06:50:49.480Z", "object_repr": "pretty chair", "object_id": "2", "change_message": "", "user": 1, "content_type": 8}}, {"pk": 13, "model": "admin.logentry", "fields": {"action_flag": 2, "action_time": "2014-01-22T08:14:15.816Z", "object_repr": "pretty chair", "object_id": "2", "change_message": "Changed keywords. Added Image \"product/green_1.png\".", "user": 1, "content_type": 8}}, {"pk": 14, "model": "admin.logentry", "fields": {"action_flag": 2, "action_time": "2014-01-22T08:14:41.950Z", "object_repr": "pretty chair", "object_id": "2", "change_message": "Changed keywords. Added Image \"product/chair.png\". Changed _order for Image \"product/green_1.png\".", "user": 1, "content_type": 8}}, {"pk": 15, "model": "admin.logentry", "fields": {"action_flag": 2, "action_time": "2014-01-22T08:19:56.961Z", "object_repr": "pretty chair", "object_id": "2", "change_message": "Changed keywords. Changed _order for Image \"product/green_1.png\". Changed file and _order for Image \"product/Records-Management-Systems.png\".", "user": 1, "content_type": 8}}, {"pk": 16, "model": "admin.logentry", "fields": {"action_flag": 2, "action_time": "2014-01-22T08:20:44.607Z", "object_repr": "pretty chair", "object_id": "2", "change_message": "Changed keywords. Changed _order for Image \"product/green_1.png\". Changed _order for Image \"product/Records-Management-Systems.png\".", "user": 1, "content_type": 8}}, {"pk": 17, "model": "admin.logentry", "fields": {"action_flag": 2, "action_time": "2014-01-22T08:22:30.722Z", "object_repr": "pretty chair", "object_id": "2", "change_message": "Changed option1, option2 and keywords. Changed _order for Image \"product/green_1.png\". Changed _order for Image \"product/Records-Management-Systems.png\".", "user": 1, "content_type": 8}}, {"pk": 18, "model": "admin.logentry", "fields": {"action_flag": 2, "action_time": "2014-01-22T08:23:48.983Z", "object_repr": "pretty chair", "object_id": "2", "change_message": "Changed publish_date, categories, option1, option2 and keywords. Changed _order for Image \"product/green_1.png\". Changed _order for Image \"product/Records-Management-Systems.png\".", "user": 1, "content_type": 8}}, {"pk": 19, "model": "admin.logentry", "fields": {"action_flag": 1, "action_time": "2014-01-22T10:29:16.286Z", "object_repr": "pony toy", "object_id": "3", "change_message": "", "user": 1, "content_type": 8}}, {"pk": 20, "model": "admin.logentry", "fields": {"action_flag": 2, "action_time": "2014-01-22T10:30:04.406Z", "object_repr": "pony toy", "object_id": "3", "change_message": "Changed option1, option2 and keywords. Changed description and _order for Image \"good mouse\". Changed num_in_stock, unit_price, sale_price and sale_from for product variation \"pony toy Size: Small, Colour: Red\".", "user": 1, "content_type": 8}}, {"pk": 21, "model": "admin.logentry", "fields": {"action_flag": 1, "action_time": "2014-01-22T10:45:46.162Z", "object_repr": "table", "object_id": "4", "change_message": "", "user": 1, "content_type": 8}}, {"pk": 22, "model": "admin.logentry", "fields": {"action_flag": 2, "action_time": "2014-01-22T10:50:53.714Z", "object_repr": "table", "object_id": "4", "change_message": "Changed keywords. Changed description and _order for Image \"beautiful table ,very useful,with different colour including red green blue yellow \". Changed num_in_stock, unit_price, sale_price and sale_from for product variation \"table Size: Small, Colour: Red\". Changed num_in_stock, unit_price, sale_price and sale_from for product variation \"table Size: Medium, Colour: Red\". Changed num_in_stock, unit_price, sale_price and sale_from for product variation \"table Size: Large, Colour: Red\". Changed num_in_stock, unit_price, sale_price and sale_from for product variation \"table Size: Small, Colour: Yellow\". Changed num_in_stock, unit_price, sale_price and sale_from for product variation \"table Size: Medium, Colour: Yellow\". Changed num_in_stock, unit_price and sale_price for product variation \"table Size: Large, Colour: Yellow\". Changed num_in_stock, unit_price, sale_price and sale_from for product variation \"table Size: Small, Colour: Green\". Changed num_in_stock, unit_price, sale_price and sale_from for product variation \"table Size: Medium, Colour: Green\". Changed num_in_stock, unit_price, sale_price and sale_from for product variation \"table Size: Large, Colour: Green\". Changed num_in_stock, unit_price, sale_price and sale_from for product variation \"table Size: Small, Colour: Blue\". Changed num_in_stock, unit_price, sale_price and sale_from for product variation \"table Size: Medium, Colour: Blue\". Changed num_in_stock, unit_price, sale_price and sale_from for product variation \"table Size: Large, Colour: Blue\".", "user": 1, "content_type": 8}}, {"pk": 23, "model": "admin.logentry", "fields": {"action_flag": 2, "action_time": "2014-01-22T10:51:09.545Z", "object_repr": "table", "object_id": "4", "change_message": "Changed available.", "user": 1, "content_type": 8}}, {"pk": 24, "model": "admin.logentry", "fields": {"action_flag": 2, "action_time": "2014-01-22T10:52:38.145Z", "object_repr": "table", "object_id": "4", "change_message": "Changed content and id.", "user": 1, "content_type": 8}}, {"pk": 25, "model": "admin.logentry", "fields": {"action_flag": 1, "action_time": "2014-01-22T11:04:45.829Z", "object_repr": "discount code ", "object_id": "1", "change_message": "", "user": 1, "content_type": 19}}, {"pk": 26, "model": "admin.logentry", "fields": {"action_flag": 2, "action_time": "2014-01-22T11:04:58.234Z", "object_repr": "discount code ", "object_id": "1", "change_message": "No fields changed.", "user": 1, "content_type": 19}}, {"pk": 27, "model": "admin.logentry", "fields": {"action_flag": 2, "action_time": "2014-01-22T11:08:11.867Z", "object_repr": "discount code ", "object_id": "1", "change_message": "Changed code.", "user": 1, "content_type": 19}}, {"pk": 28, "model": "admin.logentry", "fields": {"action_flag": 2, "action_time": "2014-01-22T11:08:20.891Z", "object_repr": "discount code ", "object_id": "1", "change_message": "No fields changed.", "user": 1, "content_type": 19}}, {"pk": 29, "model": "admin.logentry", "fields": {"action_flag": 2, "action_time": "2014-01-22T11:08:20.935Z", "object_repr": "discount code ", "object_id": "1", "change_message": "No fields changed.", "user": 1, "content_type": 19}}, {"pk": 30, "model": "admin.logentry", "fields": {"action_flag": 2, "action_time": "2014-01-22T11:13:42.461Z", "object_repr": "discount code ", "object_id": "1", "change_message": "Changed discount_deduct.", "user": 1, "content_type": 19}}, {"pk": 31, "model": "admin.logentry", "fields": {"action_flag": 2, "action_time": "2014-01-22T11:14:26.312Z", "object_repr": "discount code ", "object_id": "1", "change_message": "Changed discount_deduct.", "user": 1, "content_type": 19}}, {"pk": 32, "model": "admin.logentry", "fields": {"action_flag": 2, "action_time": "2014-01-22T11:14:26.357Z", "object_repr": "discount code ", "object_id": "1", "change_message": "No fields changed.", "user": 1, "content_type": 19}}, {"pk": 33, "model": "admin.logentry", "fields": {"action_flag": 2, "action_time": "2014-01-22T11:27:08.103Z", "object_repr": "discount code ", "object_id": "1", "change_message": "No fields changed.", "user": 1, "content_type": 19}}, {"pk": 34, "model": "admin.logentry", "fields": {"action_flag": 2, "action_time": "2014-01-22T12:07:13.425Z", "object_repr": "#1 too z 2014-01-22 11:34:57.210000+00:00", "object_id": "1", "change_message": "Changed status.", "user": 1, "content_type": 13}}, {"pk": 35, "model": "admin.logentry", "fields": {"action_flag": 1, "action_time": "2014-01-22T13:38:12.702Z", "object_repr": "box", "object_id": "5", "change_message": "", "user": 1, "content_type": 8}}, {"pk": 36, "model": "admin.logentry", "fields": {"action_flag": 2, "action_time": "2014-01-22T13:39:00.239Z", "object_repr": "box", "object_id": "5", "change_message": "Changed content and keywords. Changed _order for Image \"product/4.png\". Changed num_in_stock, unit_price, sale_price and sale_from for product variation \"box Colour: Red\". Changed num_in_stock, unit_price, sale_price and sale_from for product variation \"box Colour: Yellow\". Changed num_in_stock, unit_price, sale_price and sale_from for product variation \"box Colour: Green\". Changed num_in_stock, unit_price, sale_price and sale_from for product variation \"box Colour: Blue\".", "user": 1, "content_type": 8}}, {"pk": 37, "model": "admin.logentry", "fields": {"action_flag": 1, "action_time": "2014-01-22T13:40:17.143Z", "object_repr": "big sale big return", "object_id": "2", "change_message": "", "user": 1, "content_type": 18}}, {"pk": 38, "model": "admin.logentry", "fields": {"action_flag": 2, "action_time": "2014-01-22T13:42:07.640Z", "object_repr": "discount code ", "object_id": "1", "change_message": "No fields changed.", "user": 1, "content_type": 19}}, {"pk": 39, "model": "admin.logentry", "fields": {"action_flag": 2, "action_time": "2014-01-24T00:06:23.674Z", "object_repr": "pretty chair", "object_id": "2", "change_message": "Changed available and keywords. Changed _order for Image \"product/green_1.png\". Changed _order for Image \"product/Records-Management-Systems.png\".", "user": 1, "content_type": 8}}, {"pk": 40, "model": "admin.logentry", "fields": {"action_flag": 2, "action_time": "2014-01-24T00:23:55.352Z", "object_repr": "box", "object_id": "5", "change_message": "Changed hotsale, content and keywords. Changed _order for Image \"product/4.png\". Changed sale_price for product variation \"box Colour: Red\". Changed sale_price for product variation \"box Colour: Yellow\". Changed sale_price for product variation \"box Colour: Green\". Changed sale_price for product variation \"box Colour: Blue\".", "user": 1, "content_type": 8}}, {"pk": 41, "model": "admin.logentry", "fields": {"action_flag": 2, "action_time": "2014-01-24T00:25:09.885Z", "object_repr": "table", "object_id": "4", "change_message": "Changed hotsale.", "user": 1, "content_type": 8}}, {"pk": 42, "model": "admin.logentry", "fields": {"action_flag": 2, "action_time": "2014-01-24T00:25:09.891Z", "object_repr": "pony toy", "object_id": "3", "change_message": "Changed hotsale.", "user": 1, "content_type": 8}}, {"pk": 43, "model": "admin.logentry", "fields": {"action_flag": 2, "action_time": "2014-01-24T00:25:09.897Z", "object_repr": "pretty chair", "object_id": "2", "change_message": "Changed available and hotsale.", "user": 1, "content_type": 8}}, {"pk": 44, "model": "admin.logentry", "fields": {"action_flag": 2, "action_time": "2014-01-24T00:25:09.902Z", "object_repr": "Django Pony", "object_id": "1", "change_message": "Changed hotsale.", "user": 1, "content_type": 8}}, {"pk": 45, "model": "admin.logentry", "fields": {"action_flag": 2, "action_time": "2014-01-24T00:25:37.650Z", "object_repr": "box", "object_id": "5", "change_message": "Changed hotsale.", "user": 1, "content_type": 8}}, {"pk": 46, "model": "admin.logentry", "fields": {"action_flag": 2, "action_time": "2014-01-24T00:25:37.656Z", "object_repr": "table", "object_id": "4", "change_message": "Changed hotsale.", "user": 1, "content_type": 8}}, {"pk": 47, "model": "admin.logentry", "fields": {"action_flag": 2, "action_time": "2014-01-24T00:29:39.569Z", "object_repr": "pretty chair", "object_id": "2", "change_message": "Changed available.", "user": 1, "content_type": 8}}, {"pk": 48, "model": "admin.logentry", "fields": {"action_flag": 1, "action_time": "2014-01-28T22:11:58.762Z", "object_repr": "luxury blanket", "object_id": "6", "change_message": "", "user": 1, "content_type": 8}}, {"pk": 49, "model": "admin.logentry", "fields": {"action_flag": 1, "action_time": "2014-01-29T00:25:01.733Z", "object_repr": "Shop / seeing category", "object_id": "9", "change_message": "", "user": 1, "content_type": 12}}, {"pk": 50, "model": "admin.logentry", "fields": {"action_flag": 2, "action_time": "2014-01-29T00:26:44.841Z", "object_repr": "luxury blanket", "object_id": "6", "change_message": "Changed keywords.", "user": 1, "content_type": 8}}, {"pk": 51, "model": "admin.logentry", "fields": {"action_flag": 2, "action_time": "2014-01-29T02:29:20.224Z", "object_repr": "luxury blanket", "object_id": "6", "change_message": "Changed keywords. Added Image \"product/3.png\".", "user": 1, "content_type": 8}}, {"pk": 52, "model": "admin.logentry", "fields": {"action_flag": 1, "action_time": "2014-01-29T21:01:33.507Z", "object_repr": "cute one", "object_id": "7", "change_message": "", "user": 1, "content_type": 8}}, {"pk": 53, "model": "admin.logentry", "fields": {"action_flag": 1, "action_time": "2014-01-29T21:02:32.801Z", "object_repr": "pretty dress", "object_id": "8", "change_message": "", "user": 1, "content_type": 8}}, {"pk": 54, "model": "admin.logentry", "fields": {"action_flag": 2, "action_time": "2014-01-29T21:03:06.198Z", "object_repr": "pretty dress", "object_id": "8", "change_message": "Changed keywords. Changed _order for Image \"product/5.png\". Changed num_in_stock, unit_price and sale_price for product variation \"pretty dress Size: Small, Colour: Red\". Changed num_in_stock, unit_price and sale_price for product variation \"pretty dress Size: Medium, Colour: Red\". Changed num_in_stock, unit_price and sale_price for product variation \"pretty dress Size: Small, Colour: Yellow\". Changed num_in_stock, unit_price and sale_price for product variation \"pretty dress Size: Medium, Colour: Yellow\".", "user": 1, "content_type": 8}}, {"pk": 55, "model": "admin.logentry", "fields": {"action_flag": 1, "action_time": "2014-01-29T21:03:54.827Z", "object_repr": "light", "object_id": "9", "change_message": "", "user": 1, "content_type": 8}}, {"pk": 56, "model": "admin.logentry", "fields": {"action_flag": 2, "action_time": "2014-01-29T21:04:26.973Z", "object_repr": "light", "object_id": "9", "change_message": "Changed keywords. Changed _order for Image \"product/6.png\". Changed num_in_stock, unit_price and sale_price for product variation \"light Size: Small, Colour: Yellow\". Changed num_in_stock, unit_price and sale_price for product variation \"light Size: Medium, Colour: Yellow\". Changed num_in_stock, unit_price and sale_price for product variation \"light Size: Small, Colour: Green\". Changed num_in_stock, unit_price and sale_price for product variation \"light Size: Medium, Colour: Green\".", "user": 1, "content_type": 8}}, {"pk": 57, "model": "admin.logentry", "fields": {"action_flag": 2, "action_time": "2014-01-29T21:04:34.076Z", "object_repr": "light", "object_id": "9", "change_message": "Changed keywords. Changed _order for Image \"product/6.png\". Changed unit_price for product variation \"light Size: Medium, Colour: Green\".", "user": 1, "content_type": 8}}, {"pk": 58, "model": "admin.logentry", "fields": {"action_flag": 1, "action_time": "2014-01-29T21:07:04.664Z", "object_repr": "perfume", "object_id": "10", "change_message": "", "user": 1, "content_type": 8}}, {"pk": 59, "model": "admin.logentry", "fields": {"action_flag": 2, "action_time": "2014-01-29T21:07:16.104Z", "object_repr": "perfume", "object_id": "10", "change_message": "Changed content, option1, option2 and keywords. Changed _order for Image \"product/7.png\".", "user": 1, "content_type": 8}}, {"pk": 60, "model": "admin.logentry", "fields": {"action_flag": 2, "action_time": "2014-01-29T21:07:35.870Z", "object_repr": "perfume", "object_id": "10", "change_message": "Changed content and keywords. Changed _order for Image \"product/7.png\". Changed num_in_stock, unit_price and sale_price for product variation \"perfume Size: Small, Colour: Red\". Changed num_in_stock, unit_price and sale_price for product variation \"perfume Size: Small, Colour: Yellow\". Changed num_in_stock, unit_price and sale_price for product variation \"perfume Size: Medium, Colour: Yellow\".", "user": 1, "content_type": 8}}, {"pk": 61, "model": "admin.logentry", "fields": {"action_flag": 1, "action_time": "2014-01-30T09:10:30.714Z", "object_repr": "pencil", "object_id": "11", "change_message": "", "user": 1, "content_type": 8}}, {"pk": 62, "model": "admin.logentry", "fields": {"action_flag": 2, "action_time": "2014-01-30T09:10:48.386Z", "object_repr": "pencil", "object_id": "11", "change_message": "Changed keywords. Changed _order for Image \"product/9.png\". Changed num_in_stock, unit_price and sale_price for product variation \"pencil Size: Small, Colour: Red\". Changed num_in_stock, unit_price and sale_price for product variation \"pencil Size: Medium, Colour: Red\".", "user": 1, "content_type": 8}}, {"pk": 63, "model": "admin.logentry", "fields": {"action_flag": 2, "action_time": "2014-01-30T09:11:03.435Z", "object_repr": "pencil", "object_id": "11", "change_message": "Changed keywords. Changed _order for Image \"product/9.png\".", "user": 1, "content_type": 8}}, {"pk": 64, "model": "admin.logentry", "fields": {"action_flag": 1, "action_time": "2014-01-30T09:11:39.666Z", "object_repr": "great laptop", "object_id": "12", "change_message": "", "user": 1, "content_type": 8}}, {"pk": 65, "model": "admin.logentry", "fields": {"action_flag": 2, "action_time": "2014-01-30T09:12:45.912Z", "object_repr": "great laptop", "object_id": "12", "change_message": "Changed keywords. Changed _order for Image \"product/10desktop.png\". Changed num_in_stock, unit_price and sale_price for product variation \"great laptop Size: Small, Colour: Red\". Changed num_in_stock, unit_price and sale_price for product variation \"great laptop Size: Medium, Colour: Red\". Changed num_in_stock, unit_price and sale_price for product variation \"great laptop Size: Large, Colour: Red\". Changed num_in_stock, unit_price and sale_price for product variation \"great laptop Size: Small, Colour: Yellow\". Changed num_in_stock, unit_price and sale_price for product variation \"great laptop Size: Medium, Colour: Yellow\". Changed num_in_stock, unit_price and sale_price for product variation \"great laptop Size: Large, Colour: Yellow\".", "user": 1, "content_type": 8}}, {"pk": 66, "model": "admin.logentry", "fields": {"action_flag": 2, "action_time": "2014-01-30T09:12:51.616Z", "object_repr": "great laptop", "object_id": "12", "change_message": "Changed keywords. Changed _order for Image \"product/10desktop.png\".", "user": 1, "content_type": 8}}, {"pk": 67, "model": "admin.logentry", "fields": {"action_flag": 1, "action_time": "2014-01-30T09:13:24.595Z", "object_repr": "table", "object_id": "13", "change_message": "", "user": 1, "content_type": 8}}, {"pk": 68, "model": "admin.logentry", "fields": {"action_flag": 2, "action_time": "2014-01-30T09:14:00.049Z", "object_repr": "table", "object_id": "13", "change_message": "Changed keywords. Changed _order for Image \"product/11table.png\". Changed num_in_stock, unit_price and sale_price for product variation \"table Size: Small, Colour: Red\". Changed num_in_stock, unit_price and sale_price for product variation \"table Size: Medium, Colour: Red\". Changed num_in_stock, unit_price and sale_price for product variation \"table Size: Small, Colour: Yellow\". Changed num_in_stock, unit_price and sale_price for product variation \"table Size: Medium, Colour: Yellow\".", "user": 1, "content_type": 8}}, {"pk": 69, "model": "admin.logentry", "fields": {"action_flag": 2, "action_time": "2014-01-30T09:14:05.295Z", "object_repr": "table", "object_id": "13", "change_message": "Changed keywords. Changed _order for Image \"product/11table.png\".", "user": 1, "content_type": 8}}, {"pk": 70, "model": "admin.logentry", "fields": {"action_flag": 1, "action_time": "2014-01-30T09:15:11.405Z", "object_repr": "eleckey", "object_id": "14", "change_message": "", "user": 1, "content_type": 8}}, {"pk": 71, "model": "admin.logentry", "fields": {"action_flag": 2, "action_time": "2014-01-30T09:16:04.820Z", "object_repr": "eleckey", "object_id": "14", "change_message": "Changed keywords. Changed _order for Image \"product/12Apkey.png\". Changed num_in_stock, unit_price and sale_price for product variation \"eleckey Size: Small, Colour: Red\". Changed num_in_stock, unit_price and sale_price for product variation \"eleckey Size: Medium, Colour: Red\". Changed num_in_stock, unit_price and sale_price for product variation \"eleckey Size: Small, Colour: Yellow\". Changed num_in_stock, unit_price and sale_price for product variation \"eleckey Size: Medium, Colour: Yellow\". Changed num_in_stock, unit_price and sale_price for product variation \"eleckey Size: Small, Colour: Green\". Changed num_in_stock, unit_price and sale_price for product variation \"eleckey Size: Medium, Colour: Green\".", "user": 1, "content_type": 8}}, {"pk": 72, "model": "admin.logentry", "fields": {"action_flag": 1, "action_time": "2014-01-30T20:22:57.012Z", "object_repr": "software", "object_id": "15", "change_message": "", "user": 1, "content_type": 8}}, {"pk": 73, "model": "admin.logentry", "fields": {"action_flag": 2, "action_time": "2014-01-30T20:23:29.600Z", "object_repr": "software", "object_id": "15", "change_message": "Changed content and keywords. Changed _order for Image \"product/13software.png\". Changed num_in_stock, unit_price and sale_price for product variation \"software Size: Small, Colour: Red\". Changed num_in_stock, unit_price and sale_price for product variation \"software Size: Medium, Colour: Red\".", "user": 1, "content_type": 8}}, {"pk": 74, "model": "admin.logentry", "fields": {"action_flag": 2, "action_time": "2014-01-30T20:23:42.645Z", "object_repr": "software", "object_id": "15", "change_message": "Changed content and keywords. Changed _order for Image \"product/13software.png\".", "user": 1, "content_type": 8}}, {"pk": 75, "model": "admin.logentry", "fields": {"action_flag": 1, "action_time": "2014-01-30T20:24:18.089Z", "object_repr": "software", "object_id": "16", "change_message": "", "user": 1, "content_type": 8}}, {"pk": 76, "model": "admin.logentry", "fields": {"action_flag": 2, "action_time": "2014-01-30T20:24:50.499Z", "object_repr": "software", "object_id": "16", "change_message": "Changed content and keywords. Changed _order for Image \"product/13software_1.png\".", "user": 1, "content_type": 8}}, {"pk": 77, "model": "admin.logentry", "fields": {"action_flag": 1, "action_time": "2014-01-30T20:27:24.942Z", "object_repr": "pad", "object_id": "17", "change_message": "", "user": 1, "content_type": 8}}, {"pk": 78, "model": "admin.logentry", "fields": {"action_flag": 2, "action_time": "2014-01-30T20:27:56.444Z", "object_repr": "pad", "object_id": "17", "change_message": "Changed content and keywords. Changed _order for Image \"product/14pad.png\". Changed num_in_stock, unit_price and sale_price for product variation \"pad Size: Small, Colour: Yellow\". Changed num_in_stock, unit_price and sale_price for product variation \"pad Size: Small, Colour: Green\".", "user": 1, "content_type": 8}}, {"pk": 79, "model": "admin.logentry", "fields": {"action_flag": 1, "action_time": "2014-01-30T20:28:09.353Z", "object_repr": "pad", "object_id": "18", "change_message": "", "user": 1, "content_type": 8}}, {"pk": 80, "model": "admin.logentry", "fields": {"action_flag": 2, "action_time": "2014-01-30T20:28:41.928Z", "object_repr": "pad", "object_id": "18", "change_message": "Changed content and keywords. Changed _order for Image \"product/14pad_1.png\". Changed num_in_stock, unit_price and sale_price for product variation \"pad Size: Small, Colour: Yellow\". Changed num_in_stock, unit_price and sale_price for product variation \"pad Size: Small, Colour: Green\".", "user": 1, "content_type": 8}}, {"pk": 81, "model": "admin.logentry", "fields": {"action_flag": 2, "action_time": "2014-01-30T21:22:36.061Z", "object_repr": "pad", "object_id": "18", "change_message": "Changed content and keywords. Changed _order for Image \"product/14pad_1.png\".", "user": 1, "content_type": 8}}, {"pk": 82, "model": "admin.logentry", "fields": {"action_flag": 2, "action_time": "2014-01-30T21:25:42.026Z", "object_repr": "pad", "object_id": "17", "change_message": "Changed hotsale.", "user": 1, "content_type": 8}}, {"pk": 83, "model": "admin.logentry", "fields": {"action_flag": 2, "action_time": "2014-01-30T21:25:42.039Z", "object_repr": "pad", "object_id": "17", "change_message": "Changed hotsale.", "user": 1, "content_type": 8}}, {"pk": 84, "model": "admin.logentry", "fields": {"action_flag": 3, "action_time": "2014-01-30T21:28:11.542Z", "object_repr": "pad", "object_id": "17", "change_message": "", "user": 1, "content_type": 8}}, {"pk": 85, "model": "admin.logentry", "fields": {"action_flag": 3, "action_time": "2014-01-30T21:28:29.447Z", "object_repr": "software", "object_id": "16", "change_message": "", "user": 1, "content_type": 8}}, {"pk": 86, "model": "admin.logentry", "fields": {"action_flag": 1, "action_time": "2014-01-30T22:39:39.874Z", "object_repr": "cute mug", "object_id": "19", "change_message": "", "user": 1, "content_type": 8}}, {"pk": 87, "model": "admin.logentry", "fields": {"action_flag": 2, "action_time": "2014-01-30T22:40:00.677Z", "object_repr": "cute mug", "object_id": "19", "change_message": "Changed content and keywords. Changed _order for Image \"product/15mug.jpg\". Changed num_in_stock, unit_price and sale_price for product variation \"cute mug Size: Small, Colour: Yellow\". Changed num_in_stock, unit_price and sale_price for product variation \"cute mug Size: Medium, Colour: Yellow\".", "user": 1, "content_type": 8}}, {"pk": 88, "model": "admin.logentry", "fields": {"action_flag": 1, "action_time": "2014-01-30T22:41:47.781Z", "object_repr": "hot sale leaf chair", "object_id": "20", "change_message": "", "user": 1, "content_type": 8}}, {"pk": 89, "model": "admin.logentry", "fields": {"action_flag": 2, "action_time": "2014-01-30T22:41:59.239Z", "object_repr": "hot sale leaf chair", "object_id": "20", "change_message": "Changed content and keywords. Changed _order for Image \"product/16leafchair.png\". Changed num_in_stock, unit_price and sale_price for product variation \"hot sale leaf chair Size: Small, Colour: Red\".", "user": 1, "content_type": 8}}, {"pk": 90, "model": "admin.logentry", "fields": {"action_flag": 2, "action_time": "2014-02-01T02:11:51.128Z", "object_repr": "Shop", "object_id": "7", "change_message": "Changed _meta_title, slug and keywords.", "user": 1, "content_type": 12}}, {"pk": 91, "model": "admin.logentry", "fields": {"action_flag": 2, "action_time": "2014-02-01T02:15:25.735Z", "object_repr": "Shop", "object_id": "7", "change_message": "Changed slug and keywords.", "user": 1, "content_type": 12}}, {"pk": 92, "model": "admin.logentry", "fields": {"action_flag": 2, "action_time": "2014-02-01T02:15:44.592Z", "object_repr": "Shop", "object_id": "7", "change_message": "Changed slug and keywords.", "user": 1, "content_type": 12}}, {"pk": 93, "model": "admin.logentry", "fields": {"action_flag": 2, "action_time": "2014-02-01T02:15:53.759Z", "object_repr": "Shop", "object_id": "7", "change_message": "Changed _meta_title and keywords.", "user": 1, "content_type": 12}}, {"pk": 94, "model": "admin.logentry", "fields": {"action_flag": 2, "action_time": "2014-02-01T08:21:10.970Z", "object_repr": "Shop", "object_id": "7", "change_message": "Changed slug and keywords.", "user": 1, "content_type": 12}}, {"pk": 95, "model": "admin.logentry", "fields": {"action_flag": 2, "action_time": "2014-02-01T08:22:01.116Z", "object_repr": "Shop", "object_id": "7", "change_message": "Changed slug and keywords.", "user": 1, "content_type": 12}}, {"pk": 96, "model": "admin.logentry", "fields": {"action_flag": 2, "action_time": "2014-02-01T08:22:53.868Z", "object_repr": "Shop", "object_id": "7", "change_message": "Changed slug and keywords.", "user": 1, "content_type": 12}}, {"pk": 97, "model": "admin.logentry", "fields": {"action_flag": 2, "action_time": "2014-02-01T08:53:39.039Z", "object_repr": "Gallery", "object_id": "8", "change_message": "Changed slug and keywords.", "user": 1, "content_type": 35}}, {"pk": 98, "model": "admin.logentry", "fields": {"action_flag": 2, "action_time": "2014-02-01T08:54:06.908Z", "object_repr": "Gallery", "object_id": "8", "change_message": "Changed slug and keywords.", "user": 1, "content_type": 35}}, {"pk": 99, "model": "admin.logentry", "fields": {"action_flag": 2, "action_time": "2014-02-01T08:54:22.966Z", "object_repr": "Contact", "object_id": "3", "change_message": "Changed slug and keywords. Changed _order for Field \"Name\". Changed _order for Field \"Email\". Changed _order for Field \"Subject\". Changed _order for Field \"Message\".", "user": 1, "content_type": 28}}, {"pk": 100, "model": "admin.logentry", "fields": {"action_flag": 2, "action_time": "2014-02-01T08:54:54.862Z", "object_repr": "Contact", "object_id": "3", "change_message": "Changed slug and keywords. Changed _order for Field \"Name\". Changed _order for Field \"Email\". Changed _order for Field \"Subject\". Changed _order for Field \"Message\".", "user": 1, "content_type": 28}}, {"pk": 101, "model": "admin.logentry", "fields": {"action_flag": 2, "action_time": "2014-02-01T10:08:46.026Z", "object_repr": "Shop", "object_id": "7", "change_message": "Changed keywords.", "user": 1, "content_type": 12}}, {"pk": 102, "model": "admin.logentry", "fields": {"action_flag": 2, "action_time": "2014-02-01T10:10:07.908Z", "object_repr": "Shop", "object_id": "7", "change_message": "Changed keywords.", "user": 1, "content_type": 12}}, {"pk": 103, "model": "admin.logentry", "fields": {"action_flag": 2, "action_time": "2014-02-01T11:01:15.353Z", "object_repr": "Shop", "object_id": "7", "change_message": "Changed keywords.", "user": 1, "content_type": 12}}, {"pk": 104, "model": "admin.logentry", "fields": {"action_flag": 2, "action_time": "2014-02-01T11:10:49.342Z", "object_repr": "Shop", "object_id": "7", "change_message": "Changed slug and keywords.", "user": 1, "content_type": 12}}, {"pk": 105, "model": "admin.logentry", "fields": {"action_flag": 2, "action_time": "2014-02-01T13:16:18.709Z", "object_repr": "Shop", "object_id": "7", "change_message": "Changed slug and keywords.", "user": 1, "content_type": 12}}, {"pk": 106, "model": "admin.logentry", "fields": {"action_flag": 2, "action_time": "2014-02-01T13:17:04.099Z", "object_repr": "Shop", "object_id": "7", "change_message": "Changed _meta_title and keywords.", "user": 1, "content_type": 12}}, {"pk": 107, "model": "admin.logentry", "fields": {"action_flag": 2, "action_time": "2014-02-01T13:40:44.744Z", "object_repr": "Shop", "object_id": "7", "change_message": "Changed description, gen_description and keywords.", "user": 1, "content_type": 12}}, {"pk": 108, "model": "admin.logentry", "fields": {"action_flag": 2, "action_time": "2014-02-01T13:41:46.346Z", "object_repr": "Shop", "object_id": "7", "change_message": "Changed slug and keywords.", "user": 1, "content_type": 12}}, {"pk": 109, "model": "admin.logentry", "fields": {"action_flag": 2, "action_time": "2014-02-01T13:42:01.323Z", "object_repr": "Shop", "object_id": "7", "change_message": "Changed slug and keywords.", "user": 1, "content_type": 12}}, {"pk": 110, "model": "admin.logentry", "fields": {"action_flag": 2, "action_time": "2014-02-01T13:42:39.342Z", "object_repr": "Shop", "object_id": "7", "change_message": "Changed slug and keywords.", "user": 1, "content_type": 12}}, {"pk": 111, "model": "admin.logentry", "fields": {"action_flag": 2, "action_time": "2014-02-01T13:42:54.674Z", "object_repr": "Shop", "object_id": "7", "change_message": "Changed slug and keywords.", "user": 1, "content_type": 12}}, {"pk": 112, "model": "admin.logentry", "fields": {"action_flag": 2, "action_time": "2014-02-03T01:30:31.838Z", "object_repr": "Shop / seeing category", "object_id": "9", "change_message": "Changed slug and keywords.", "user": 1, "content_type": 12}}, {"pk": 113, "model": "admin.logentry", "fields": {"action_flag": 2, "action_time": "2014-02-03T01:31:29.501Z", "object_repr": "luxury blanket", "object_id": "6", "change_message": "Changed categories and keywords. Changed _order for Image \"product/3.png\".", "user": 1, "content_type": 8}}, {"pk": 114, "model": "admin.logentry", "fields": {"action_flag": 3, "action_time": "2014-02-03T01:31:37.626Z", "object_repr": "Shop / seeing category", "object_id": "9", "change_message": "", "user": 1, "content_type": 32}}, {"pk": 115, "model": "admin.logentry", "fields": {"action_flag": 1, "action_time": "2014-02-03T01:35:11.622Z", "object_repr": "children", "object_id": "9", "change_message": "", "user": 1, "content_type": 12}}, {"pk": 116, "model": "admin.logentry", "fields": {"action_flag": 2, "action_time": "2014-02-03T01:35:14.709Z", "object_repr": "children", "object_id": "9", "change_message": "Changed keywords.", "user": 1, "content_type": 12}}, {"pk": 117, "model": "admin.logentry", "fields": {"action_flag": 3, "action_time": "2014-02-03T01:35:46.757Z", "object_repr": "children", "object_id": "9", "change_message": "", "user": 1, "content_type": 32}}, {"pk": 118, "model": "admin.logentry", "fields": {"action_flag": 1, "action_time": "2014-02-03T01:36:53.605Z", "object_repr": "Contact / children", "object_id": "9", "change_message": "", "user": 1, "content_type": 12}}, {"pk": 119, "model": "admin.logentry", "fields": {"action_flag": 2, "action_time": "2014-02-03T01:37:03.602Z", "object_repr": "Contact / children", "object_id": "9", "change_message": "Changed products and keywords.", "user": 1, "content_type": 12}}, {"pk": 120, "model": "admin.logentry", "fields": {"action_flag": 3, "action_time": "2014-02-03T01:37:36.693Z", "object_repr": "Contact / children", "object_id": "9", "change_message": "", "user": 1, "content_type": 32}}, {"pk": 121, "model": "admin.logentry", "fields": {"action_flag": 2, "action_time": "2014-02-03T12:22:44.275Z", "object_repr": "perfume", "object_id": "10", "change_message": "Changed content and keywords. Changed _order for Image \"product/7.png\".", "user": 1, "content_type": 8}}, {"pk": 122, "model": "admin.logentry", "fields": {"action_flag": 2, "action_time": "2014-02-04T07:23:20.438Z", "object_repr": "Shop", "object_id": "7", "change_message": "Changed content and id.", "user": 1, "content_type": 12}}, {"pk": 123, "model": "admin.logentry", "fields": {"action_flag": 2, "action_time": "2014-02-16T09:40:45.318Z", "object_repr": "hot sale leaf chair", "object_id": "20", "change_message": "Changed onslide.", "user": 1, "content_type": 8}}, {"pk": 124, "model": "admin.logentry", "fields": {"action_flag": 2, "action_time": "2014-02-16T09:40:45.326Z", "object_repr": "cute mug", "object_id": "19", "change_message": "Changed onslide.", "user": 1, "content_type": 8}}, {"pk": 125, "model": "admin.logentry", "fields": {"action_flag": 2, "action_time": "2014-02-16T09:40:45.334Z", "object_repr": "pad", "object_id": "18", "change_message": "Changed onslide.", "user": 1, "content_type": 8}}, {"pk": 126, "model": "admin.logentry", "fields": {"action_flag": 2, "action_time": "2014-02-16T09:40:45.340Z", "object_repr": "software", "object_id": "15", "change_message": "Changed onslide.", "user": 1, "content_type": 8}}, {"pk": 127, "model": "admin.logentry", "fields": {"action_flag": 2, "action_time": "2014-02-16T09:40:45.345Z", "object_repr": "eleckey", "object_id": "14", "change_message": "Changed onslide.", "user": 1, "content_type": 8}}, {"pk": 128, "model": "admin.logentry", "fields": {"action_flag": 2, "action_time": "2014-02-16T09:40:45.351Z", "object_repr": "table", "object_id": "13", "change_message": "Changed onslide.", "user": 1, "content_type": 8}}, {"pk": 129, "model": "admin.logentry", "fields": {"action_flag": 2, "action_time": "2014-02-16T09:40:45.357Z", "object_repr": "great laptop", "object_id": "12", "change_message": "Changed onslide.", "user": 1, "content_type": 8}}, {"pk": 130, "model": "admin.logentry", "fields": {"action_flag": 2, "action_time": "2014-02-16T09:40:45.362Z", "object_repr": "pencil", "object_id": "11", "change_message": "Changed onslide.", "user": 1, "content_type": 8}}, {"pk": 131, "model": "admin.logentry", "fields": {"action_flag": 2, "action_time": "2014-02-16T09:40:45.369Z", "object_repr": "perfume", "object_id": "10", "change_message": "Changed onslide.", "user": 1, "content_type": 8}}, {"pk": 132, "model": "admin.logentry", "fields": {"action_flag": 2, "action_time": "2014-02-16T09:40:45.375Z", "object_repr": "light", "object_id": "9", "change_message": "Changed onslide.", "user": 1, "content_type": 8}}, {"pk": 133, "model": "admin.logentry", "fields": {"action_flag": 2, "action_time": "2014-02-16T09:40:45.380Z", "object_repr": "pretty dress", "object_id": "8", "change_message": "Changed onslide.", "user": 1, "content_type": 8}}, {"pk": 134, "model": "admin.logentry", "fields": {"action_flag": 2, "action_time": "2014-02-16T09:40:45.384Z", "object_repr": "cute one", "object_id": "7", "change_message": "Changed onslide.", "user": 1, "content_type": 8}}, {"pk": 135, "model": "admin.logentry", "fields": {"action_flag": 2, "action_time": "2014-02-16T09:40:45.390Z", "object_repr": "luxury blanket", "object_id": "6", "change_message": "Changed onslide.", "user": 1, "content_type": 8}}, {"pk": 136, "model": "admin.logentry", "fields": {"action_flag": 2, "action_time": "2014-02-16T09:40:45.396Z", "object_repr": "box", "object_id": "5", "change_message": "Changed onslide.", "user": 1, "content_type": 8}}, {"pk": 137, "model": "admin.logentry", "fields": {"action_flag": 2, "action_time": "2014-02-16T09:40:45.402Z", "object_repr": "table", "object_id": "4", "change_message": "Changed onslide.", "user": 1, "content_type": 8}}, {"pk": 138, "model": "admin.logentry", "fields": {"action_flag": 2, "action_time": "2014-02-16T09:40:45.407Z", "object_repr": "pony toy", "object_id": "3", "change_message": "Changed onslide.", "user": 1, "content_type": 8}}, {"pk": 139, "model": "admin.logentry", "fields": {"action_flag": 2, "action_time": "2014-02-16T09:40:45.413Z", "object_repr": "pretty chair", "object_id": "2", "change_message": "Changed onslide.", "user": 1, "content_type": 8}}, {"pk": 140, "model": "admin.logentry", "fields": {"action_flag": 2, "action_time": "2014-02-16T09:40:45.419Z", "object_repr": "Django Pony", "object_id": "1", "change_message": "Changed onslide.", "user": 1, "content_type": 8}}, {"pk": 141, "model": "admin.logentry", "fields": {"action_flag": 3, "action_time": "2014-02-21T02:47:23.630Z", "object_repr": "Gallery", "object_id": "8", "change_message": "", "user": 1, "content_type": 32}}, {"pk": 142, "model": "admin.logentry", "fields": {"action_flag": 2, "action_time": "2014-02-21T03:18:56.357Z", "object_repr": "Shop", "object_id": "7", "change_message": "Changed content and keywords.", "user": 1, "content_type": 12}}, {"pk": 143, "model": "admin.logentry", "fields": {"action_flag": 2, "action_time": "2014-02-21T03:20:02.221Z", "object_repr": "Shop", "object_id": "7", "change_message": "Changed content and keywords.", "user": 1, "content_type": 12}}, {"pk": 144, "model": "admin.logentry", "fields": {"action_flag": 1, "action_time": "2014-02-21T10:57:52.249Z", "object_repr": "ointment", "object_id": "21", "change_message": "", "user": 1, "content_type": 8}}, {"pk": 145, "model": "admin.logentry", "fields": {"action_flag": 1, "action_time": "2014-02-21T10:58:44.549Z", "object_repr": "colorchair", "object_id": "22", "change_message": "", "user": 1, "content_type": 8}}, {"pk": 146, "model": "admin.logentry", "fields": {"action_flag": 2, "action_time": "2014-02-21T10:59:47.889Z", "object_repr": "colorchair", "object_id": "22", "change_message": "Changed option1, option2 and keywords. Changed _order for Image \"product/22colorchair.png\".", "user": 1, "content_type": 8}}, {"pk": 147, "model": "admin.logentry", "fields": {"action_flag": 2, "action_time": "2014-02-21T11:01:39.611Z", "object_repr": "colorchair", "object_id": "22", "change_message": "Changed option1, option2 and keywords. Changed _order for Image \"product/22colorchair.png\".", "user": 1, "content_type": 8}}, {"pk": 148, "model": "admin.logentry", "fields": {"action_flag": 2, "action_time": "2014-02-21T11:10:57.715Z", "object_repr": "colorchair", "object_id": "22", "change_message": "Changed option1, option2 and keywords. Changed _order for Image \"product/22colorchair.png\".", "user": 1, "content_type": 8}}, {"pk": 149, "model": "admin.logentry", "fields": {"action_flag": 2, "action_time": "2014-02-21T11:11:39.025Z", "object_repr": "colorchair", "object_id": "22", "change_message": "Changed keywords. Changed _order for Image \"product/22colorchair.png\". Changed num_in_stock, unit_price and sale_price for product variation \"colorchair Size: Small, Colour: Red\". Changed num_in_stock, unit_price and sale_price for product variation \"colorchair Size: Medium, Colour: Red\". Changed num_in_stock, unit_price and sale_price for product variation \"colorchair Size: Small, Colour: Yellow\". Changed num_in_stock, unit_price and sale_price for product variation \"colorchair Size: Medium, Colour: Yellow\".", "user": 1, "content_type": 8}}, {"pk": 150, "model": "admin.logentry", "fields": {"action_flag": 2, "action_time": "2014-02-21T11:12:00.375Z", "object_repr": "colorchair", "object_id": "22", "change_message": "Changed keywords. Changed _order for Image \"product/22colorchair.png\".", "user": 1, "content_type": 8}}, {"pk": 151, "model": "admin.logentry", "fields": {"action_flag": 2, "action_time": "2014-02-21T11:18:04.526Z", "object_repr": "colorchair", "object_id": "22", "change_message": "Changed option1, option2 and keywords. Changed _order for Image \"product/22colorchair.png\".", "user": 1, "content_type": 8}}, {"pk": 152, "model": "admin.logentry", "fields": {"action_flag": 2, "action_time": "2014-02-21T11:39:30.765Z", "object_repr": "colorchair", "object_id": "22", "change_message": "Changed hotsale.", "user": 1, "content_type": 8}}, {"pk": 153, "model": "admin.logentry", "fields": {"action_flag": 2, "action_time": "2014-02-21T11:39:30.775Z", "object_repr": "ointment", "object_id": "21", "change_message": "Changed hotsale.", "user": 1, "content_type": 8}}, {"pk": 154, "model": "admin.logentry", "fields": {"action_flag": 2, "action_time": "2014-02-21T11:48:02.465Z", "object_repr": "ointment", "object_id": "21", "change_message": "Changed available.", "user": 1, "content_type": 8}}, {"pk": 155, "model": "admin.logentry", "fields": {"action_flag": 2, "action_time": "2014-02-21T11:48:02.473Z", "object_repr": "hot sale leaf chair", "object_id": "20", "change_message": "Changed available.", "user": 1, "content_type": 8}}, {"pk": 156, "model": "admin.logentry", "fields": {"action_flag": 2, "action_time": "2014-02-21T11:48:02.479Z", "object_repr": "great laptop", "object_id": "12", "change_message": "Changed available.", "user": 1, "content_type": 8}}, {"pk": 157, "model": "admin.logentry", "fields": {"action_flag": 2, "action_time": "2014-02-21T11:48:02.484Z", "object_repr": "pencil", "object_id": "11", "change_message": "Changed available.", "user": 1, "content_type": 8}}, {"pk": 158, "model": "admin.logentry", "fields": {"action_flag": 2, "action_time": "2014-02-21T11:48:02.491Z", "object_repr": "perfume", "object_id": "10", "change_message": "Changed available.", "user": 1, "content_type": 8}}, {"pk": 159, "model": "admin.logentry", "fields": {"action_flag": 2, "action_time": "2014-02-21T11:48:02.498Z", "object_repr": "light", "object_id": "9", "change_message": "Changed available.", "user": 1, "content_type": 8}}, {"pk": 160, "model": "admin.logentry", "fields": {"action_flag": 2, "action_time": "2014-02-21T11:48:02.505Z", "object_repr": "pretty dress", "object_id": "8", "change_message": "Changed available.", "user": 1, "content_type": 8}}, {"pk": 161, "model": "admin.logentry", "fields": {"action_flag": 2, "action_time": "2014-02-21T11:48:02.511Z", "object_repr": "luxury blanket", "object_id": "6", "change_message": "Changed available.", "user": 1, "content_type": 8}}, {"pk": 162, "model": "admin.logentry", "fields": {"action_flag": 2, "action_time": "2014-02-21T11:48:02.517Z", "object_repr": "box", "object_id": "5", "change_message": "Changed available.", "user": 1, "content_type": 8}}, {"pk": 163, "model": "admin.logentry", "fields": {"action_flag": 2, "action_time": "2014-02-21T11:48:02.524Z", "object_repr": "table", "object_id": "4", "change_message": "Changed available.", "user": 1, "content_type": 8}}, {"pk": 164, "model": "admin.logentry", "fields": {"action_flag": 2, "action_time": "2014-02-21T11:48:02.530Z", "object_repr": "pony toy", "object_id": "3", "change_message": "Changed available.", "user": 1, "content_type": 8}}, {"pk": 165, "model": "admin.logentry", "fields": {"action_flag": 2, "action_time": "2014-02-21T11:48:02.536Z", "object_repr": "Django Pony", "object_id": "1", "change_message": "Changed available.", "user": 1, "content_type": 8}}, {"pk": 166, "model": "admin.logentry", "fields": {"action_flag": 2, "action_time": "2014-02-21T11:49:55.373Z", "object_repr": "colorchair", "object_id": "22", "change_message": "Changed onslide.", "user": 1, "content_type": 8}}, {"pk": 167, "model": "admin.logentry", "fields": {"action_flag": 2, "action_time": "2014-02-21T11:49:55.379Z", "object_repr": "ointment", "object_id": "21", "change_message": "Changed onslide.", "user": 1, "content_type": 8}}, {"pk": 168, "model": "admin.logentry", "fields": {"action_flag": 2, "action_time": "2014-02-21T11:49:55.387Z", "object_repr": "hot sale leaf chair", "object_id": "20", "change_message": "Changed onslide.", "user": 1, "content_type": 8}}, {"pk": 169, "model": "admin.logentry", "fields": {"action_flag": 2, "action_time": "2014-02-21T11:49:55.399Z", "object_repr": "cute mug", "object_id": "19", "change_message": "Changed onslide.", "user": 1, "content_type": 8}}, {"pk": 170, "model": "admin.logentry", "fields": {"action_flag": 2, "action_time": "2014-02-21T11:49:55.405Z", "object_repr": "pad", "object_id": "18", "change_message": "Changed onslide.", "user": 1, "content_type": 8}}, {"pk": 171, "model": "admin.logentry", "fields": {"action_flag": 2, "action_time": "2014-02-21T11:49:55.412Z", "object_repr": "software", "object_id": "15", "change_message": "Changed onslide.", "user": 1, "content_type": 8}}, {"pk": 172, "model": "admin.logentry", "fields": {"action_flag": 2, "action_time": "2014-02-21T11:49:55.418Z", "object_repr": "eleckey", "object_id": "14", "change_message": "Changed onslide.", "user": 1, "content_type": 8}}, {"pk": 173, "model": "admin.logentry", "fields": {"action_flag": 2, "action_time": "2014-02-21T11:49:55.425Z", "object_repr": "table", "object_id": "13", "change_message": "Changed onslide.", "user": 1, "content_type": 8}}, {"pk": 174, "model": "admin.logentry", "fields": {"action_flag": 2, "action_time": "2014-02-21T11:49:55.431Z", "object_repr": "great laptop", "object_id": "12", "change_message": "Changed onslide.", "user": 1, "content_type": 8}}, {"pk": 175, "model": "admin.logentry", "fields": {"action_flag": 2, "action_time": "2014-02-21T11:49:55.438Z", "object_repr": "pencil", "object_id": "11", "change_message": "Changed onslide.", "user": 1, "content_type": 8}}, {"pk": 176, "model": "admin.logentry", "fields": {"action_flag": 2, "action_time": "2014-02-21T11:49:55.445Z", "object_repr": "perfume", "object_id": "10", "change_message": "Changed onslide.", "user": 1, "content_type": 8}}, {"pk": 177, "model": "admin.logentry", "fields": {"action_flag": 2, "action_time": "2014-02-21T11:49:55.450Z", "object_repr": "light", "object_id": "9", "change_message": "Changed onslide.", "user": 1, "content_type": 8}}, {"pk": 178, "model": "admin.logentry", "fields": {"action_flag": 2, "action_time": "2014-02-21T11:49:55.455Z", "object_repr": "pretty dress", "object_id": "8", "change_message": "Changed onslide.", "user": 1, "content_type": 8}}, {"pk": 179, "model": "admin.logentry", "fields": {"action_flag": 2, "action_time": "2014-02-21T11:49:55.461Z", "object_repr": "cute one", "object_id": "7", "change_message": "Changed onslide.", "user": 1, "content_type": 8}}, {"pk": 180, "model": "admin.logentry", "fields": {"action_flag": 2, "action_time": "2014-02-21T11:49:55.468Z", "object_repr": "luxury blanket", "object_id": "6", "change_message": "Changed onslide.", "user": 1, "content_type": 8}}, {"pk": 181, "model": "admin.logentry", "fields": {"action_flag": 2, "action_time": "2014-02-21T11:49:55.474Z", "object_repr": "box", "object_id": "5", "change_message": "Changed onslide.", "user": 1, "content_type": 8}}, {"pk": 182, "model": "admin.logentry", "fields": {"action_flag": 2, "action_time": "2014-02-21T11:49:55.479Z", "object_repr": "table", "object_id": "4", "change_message": "Changed onslide.", "user": 1, "content_type": 8}}, {"pk": 183, "model": "admin.logentry", "fields": {"action_flag": 2, "action_time": "2014-02-21T11:49:55.484Z", "object_repr": "pony toy", "object_id": "3", "change_message": "Changed onslide.", "user": 1, "content_type": 8}}, {"pk": 184, "model": "admin.logentry", "fields": {"action_flag": 2, "action_time": "2014-02-21T11:50:55.565Z", "object_repr": "pretty chair", "object_id": "2", "change_message": "Changed available.", "user": 1, "content_type": 8}}, {"pk": 185, "model": "admin.logentry", "fields": {"action_flag": 2, "action_time": "2014-02-21T11:50:55.571Z", "object_repr": "Django Pony", "object_id": "1", "change_message": "Changed available.", "user": 1, "content_type": 8}}, {"pk": 186, "model": "admin.logentry", "fields": {"action_flag": 2, "action_time": "2014-02-21T11:54:37.488Z", "object_repr": "colorchair", "object_id": "22", "change_message": "Changed onslide.", "user": 1, "content_type": 8}}, {"pk": 187, "model": "admin.logentry", "fields": {"action_flag": 2, "action_time": "2014-02-21T11:54:37.496Z", "object_repr": "ointment", "object_id": "21", "change_message": "Changed onslide.", "user": 1, "content_type": 8}}, {"pk": 188, "model": "admin.logentry", "fields": {"action_flag": 2, "action_time": "2014-02-21T11:54:37.505Z", "object_repr": "hot sale leaf chair", "object_id": "20", "change_message": "Changed onslide.", "user": 1, "content_type": 8}}, {"pk": 189, "model": "admin.logentry", "fields": {"action_flag": 2, "action_time": "2014-02-21T11:54:37.520Z", "object_repr": "cute mug", "object_id": "19", "change_message": "Changed onslide.", "user": 1, "content_type": 8}}, {"pk": 190, "model": "admin.logentry", "fields": {"action_flag": 2, "action_time": "2014-02-21T11:54:37.528Z", "object_repr": "pad", "object_id": "18", "change_message": "Changed onslide.", "user": 1, "content_type": 8}}, {"pk": 191, "model": "admin.logentry", "fields": {"action_flag": 2, "action_time": "2014-02-21T11:54:37.538Z", "object_repr": "software", "object_id": "15", "change_message": "Changed onslide.", "user": 1, "content_type": 8}}, {"pk": 192, "model": "admin.logentry", "fields": {"action_flag": 2, "action_time": "2014-02-21T11:54:37.545Z", "object_repr": "eleckey", "object_id": "14", "change_message": "Changed onslide.", "user": 1, "content_type": 8}}, {"pk": 193, "model": "admin.logentry", "fields": {"action_flag": 2, "action_time": "2014-02-21T11:54:37.553Z", "object_repr": "table", "object_id": "13", "change_message": "Changed onslide.", "user": 1, "content_type": 8}}, {"pk": 194, "model": "admin.logentry", "fields": {"action_flag": 2, "action_time": "2014-02-21T11:54:37.560Z", "object_repr": "great laptop", "object_id": "12", "change_message": "Changed onslide.", "user": 1, "content_type": 8}}, {"pk": 195, "model": "admin.logentry", "fields": {"action_flag": 2, "action_time": "2014-02-21T11:54:37.567Z", "object_repr": "pencil", "object_id": "11", "change_message": "Changed onslide.", "user": 1, "content_type": 8}}, {"pk": 196, "model": "admin.logentry", "fields": {"action_flag": 2, "action_time": "2014-02-21T11:54:37.573Z", "object_repr": "perfume", "object_id": "10", "change_message": "Changed onslide.", "user": 1, "content_type": 8}}, {"pk": 197, "model": "admin.logentry", "fields": {"action_flag": 2, "action_time": "2014-02-21T11:54:37.581Z", "object_repr": "light", "object_id": "9", "change_message": "Changed onslide.", "user": 1, "content_type": 8}}, {"pk": 198, "model": "admin.logentry", "fields": {"action_flag": 2, "action_time": "2014-02-21T11:54:37.587Z", "object_repr": "pretty dress", "object_id": "8", "change_message": "Changed onslide.", "user": 1, "content_type": 8}}, {"pk": 199, "model": "admin.logentry", "fields": {"action_flag": 2, "action_time": "2014-02-21T11:54:37.594Z", "object_repr": "cute one", "object_id": "7", "change_message": "Changed onslide.", "user": 1, "content_type": 8}}, {"pk": 200, "model": "admin.logentry", "fields": {"action_flag": 2, "action_time": "2014-02-21T11:54:37.601Z", "object_repr": "luxury blanket", "object_id": "6", "change_message": "Changed onslide.", "user": 1, "content_type": 8}}, {"pk": 201, "model": "admin.logentry", "fields": {"action_flag": 2, "action_time": "2014-02-21T11:54:37.608Z", "object_repr": "box", "object_id": "5", "change_message": "Changed onslide.", "user": 1, "content_type": 8}}, {"pk": 202, "model": "admin.logentry", "fields": {"action_flag": 2, "action_time": "2014-02-21T11:54:37.615Z", "object_repr": "table", "object_id": "4", "change_message": "Changed onslide.", "user": 1, "content_type": 8}}, {"pk": 203, "model": "admin.logentry", "fields": {"action_flag": 2, "action_time": "2014-02-21T11:54:37.622Z", "object_repr": "pony toy", "object_id": "3", "change_message": "Changed onslide.", "user": 1, "content_type": 8}}, {"pk": 204, "model": "admin.logentry", "fields": {"action_flag": 2, "action_time": "2014-02-21T12:54:30.857Z", "object_repr": "pad", "object_id": "18", "change_message": "Changed onslide.", "user": 1, "content_type": 8}}, {"pk": 205, "model": "admin.logentry", "fields": {"action_flag": 2, "action_time": "2014-02-21T12:54:30.864Z", "object_repr": "software", "object_id": "15", "change_message": "Changed onslide.", "user": 1, "content_type": 8}}, {"pk": 206, "model": "admin.logentry", "fields": {"action_flag": 2, "action_time": "2014-02-21T12:54:30.871Z", "object_repr": "eleckey", "object_id": "14", "change_message": "Changed onslide.", "user": 1, "content_type": 8}}, {"pk": 207, "model": "admin.logentry", "fields": {"action_flag": 2, "action_time": "2014-02-21T12:54:30.879Z", "object_repr": "table", "object_id": "13", "change_message": "Changed onslide.", "user": 1, "content_type": 8}}, {"pk": 208, "model": "admin.logentry", "fields": {"action_flag": 2, "action_time": "2014-02-21T12:54:30.885Z", "object_repr": "great laptop", "object_id": "12", "change_message": "Changed onslide.", "user": 1, "content_type": 8}}, {"pk": 209, "model": "admin.logentry", "fields": {"action_flag": 2, "action_time": "2014-02-21T12:54:30.891Z", "object_repr": "pencil", "object_id": "11", "change_message": "Changed onslide.", "user": 1, "content_type": 8}}, {"pk": 210, "model": "admin.logentry", "fields": {"action_flag": 2, "action_time": "2014-02-21T12:54:30.898Z", "object_repr": "perfume", "object_id": "10", "change_message": "Changed onslide.", "user": 1, "content_type": 8}}, {"pk": 211, "model": "admin.logentry", "fields": {"action_flag": 2, "action_time": "2014-02-21T12:54:30.905Z", "object_repr": "light", "object_id": "9", "change_message": "Changed onslide.", "user": 1, "content_type": 8}}, {"pk": 212, "model": "admin.logentry", "fields": {"action_flag": 2, "action_time": "2014-02-21T12:54:30.915Z", "object_repr": "pretty dress", "object_id": "8", "change_message": "Changed onslide.", "user": 1, "content_type": 8}}, {"pk": 213, "model": "admin.logentry", "fields": {"action_flag": 2, "action_time": "2014-02-21T12:54:30.922Z", "object_repr": "cute one", "object_id": "7", "change_message": "Changed onslide.", "user": 1, "content_type": 8}}, {"pk": 214, "model": "admin.logentry", "fields": {"action_flag": 2, "action_time": "2014-02-21T12:54:30.929Z", "object_repr": "luxury blanket", "object_id": "6", "change_message": "Changed onslide.", "user": 1, "content_type": 8}}, {"pk": 215, "model": "admin.logentry", "fields": {"action_flag": 2, "action_time": "2014-02-21T12:54:30.935Z", "object_repr": "box", "object_id": "5", "change_message": "Changed onslide.", "user": 1, "content_type": 8}}, {"pk": 216, "model": "admin.logentry", "fields": {"action_flag": 2, "action_time": "2014-02-21T12:54:30.943Z", "object_repr": "table", "object_id": "4", "change_message": "Changed onslide.", "user": 1, "content_type": 8}}, {"pk": 217, "model": "admin.logentry", "fields": {"action_flag": 2, "action_time": "2014-02-21T12:55:12.004Z", "object_repr": "hot sale leaf chair", "object_id": "20", "change_message": "Changed onslide.", "user": 1, "content_type": 8}}, {"pk": 218, "model": "admin.logentry", "fields": {"action_flag": 2, "action_time": "2014-02-21T12:55:12.013Z", "object_repr": "cute mug", "object_id": "19", "change_message": "Changed onslide.", "user": 1, "content_type": 8}}, {"pk": 219, "model": "admin.logentry", "fields": {"action_flag": 2, "action_time": "2014-02-21T12:55:12.023Z", "object_repr": "pony toy", "object_id": "3", "change_message": "Changed onslide.", "user": 1, "content_type": 8}}, {"pk": 220, "model": "admin.logentry", "fields": {"action_flag": 2, "action_time": "2014-02-21T12:55:12.030Z", "object_repr": "pretty chair", "object_id": "2", "change_message": "Changed onslide.", "user": 1, "content_type": 8}}, {"pk": 221, "model": "admin.logentry", "fields": {"action_flag": 2, "action_time": "2014-02-21T12:55:12.035Z", "object_repr": "Django Pony", "object_id": "1", "change_message": "Changed onslide.", "user": 1, "content_type": 8}}, {"pk": 222, "model": "admin.logentry", "fields": {"action_flag": 2, "action_time": "2014-02-21T12:57:34.580Z", "object_repr": "ointment", "object_id": "21", "change_message": "Changed available.", "user": 1, "content_type": 8}}, {"pk": 223, "model": "admin.logentry", "fields": {"action_flag": 2, "action_time": "2014-02-21T13:01:32.211Z", "object_repr": "colorchair", "object_id": "22", "change_message": "Changed categories and keywords. Changed _order for Image \"product/22colorchair.png\".", "user": 1, "content_type": 8}}, {"pk": 224, "model": "admin.logentry", "fields": {"action_flag": 2, "action_time": "2014-02-21T13:01:53.410Z", "object_repr": "colorchair", "object_id": "22", "change_message": "Changed option1, option2 and keywords. Changed _order for Image \"product/22colorchair.png\".", "user": 1, "content_type": 8}}, {"pk": 225, "model": "admin.logentry", "fields": {"action_flag": 2, "action_time": "2014-02-21T13:04:04.872Z", "object_repr": "ointment", "object_id": "21", "change_message": "Changed content, categories and keywords. Changed _order for Image \"product/21ointment.png\". Changed num_in_stock, unit_price and sale_price for product variation \"ointment Size: Small, Colour: Red\". Changed num_in_stock, unit_price and sale_price for product variation \"ointment Size: Medium, Colour: Red\". Changed num_in_stock, unit_price and sale_price for product variation \"ointment Size: Small, Colour: Yellow\". Changed num_in_stock, unit_price and sale_price for product variation \"ointment Size: Medium, Colour: Yellow\".", "user": 1, "content_type": 8}}, {"pk": 226, "model": "admin.logentry", "fields": {"action_flag": 1, "action_time": "2014-02-21T13:10:00.484Z", "object_repr": "threelegchair", "object_id": "23", "change_message": "", "user": 1, "content_type": 8}}, {"pk": 227, "model": "admin.logentry", "fields": {"action_flag": 2, "action_time": "2014-02-21T13:10:22.682Z", "object_repr": "threelegchair", "object_id": "23", "change_message": "Changed option1, option2 and keywords. Changed _order for Image \"product/23threeleg.png\".", "user": 1, "content_type": 8}}, {"pk": 228, "model": "admin.logentry", "fields": {"action_flag": 2, "action_time": "2014-02-21T13:10:39.577Z", "object_repr": "threelegchair", "object_id": "23", "change_message": "Changed option1, option2 and keywords. Changed _order for Image \"product/23threeleg.png\".", "user": 1, "content_type": 8}}, {"pk": 229, "model": "admin.logentry", "fields": {"action_flag": 2, "action_time": "2014-02-22T11:25:33.103Z", "object_repr": "threelegchair", "object_id": "23", "change_message": "Changed available.", "user": 1, "content_type": 8}}, {"pk": 230, "model": "admin.logentry", "fields": {"action_flag": 2, "action_time": "2014-02-22T11:25:33.109Z", "object_repr": "colorchair", "object_id": "22", "change_message": "Changed available and hotsale.", "user": 1, "content_type": 8}}, {"pk": 231, "model": "admin.logentry", "fields": {"action_flag": 2, "action_time": "2014-02-22T11:25:33.116Z", "object_repr": "ointment", "object_id": "21", "change_message": "Changed available and hotsale.", "user": 1, "content_type": 8}}, {"pk": 232, "model": "admin.logentry", "fields": {"action_flag": 2, "action_time": "2014-02-22T11:25:33.122Z", "object_repr": "hot sale leaf chair", "object_id": "20", "change_message": "Changed hotsale and onslide.", "user": 1, "content_type": 8}}, {"pk": 233, "model": "admin.logentry", "fields": {"action_flag": 2, "action_time": "2014-02-22T11:25:33.129Z", "object_repr": "cute mug", "object_id": "19", "change_message": "Changed onslide.", "user": 1, "content_type": 8}}, {"pk": 234, "model": "admin.logentry", "fields": {"action_flag": 2, "action_time": "2014-02-22T11:25:33.139Z", "object_repr": "pad", "object_id": "18", "change_message": "Changed onslide.", "user": 1, "content_type": 8}}, {"pk": 235, "model": "admin.logentry", "fields": {"action_flag": 2, "action_time": "2014-02-22T11:25:33.147Z", "object_repr": "software", "object_id": "15", "change_message": "Changed onslide.", "user": 1, "content_type": 8}}, {"pk": 236, "model": "admin.logentry", "fields": {"action_flag": 2, "action_time": "2014-02-22T11:25:33.154Z", "object_repr": "eleckey", "object_id": "14", "change_message": "Changed onslide.", "user": 1, "content_type": 8}}, {"pk": 237, "model": "admin.logentry", "fields": {"action_flag": 2, "action_time": "2014-02-22T11:25:33.161Z", "object_repr": "table", "object_id": "13", "change_message": "Changed onslide.", "user": 1, "content_type": 8}}, {"pk": 238, "model": "admin.logentry", "fields": {"action_flag": 2, "action_time": "2014-02-22T11:25:33.169Z", "object_repr": "great laptop", "object_id": "12", "change_message": "Changed available and onslide.", "user": 1, "content_type": 8}}, {"pk": 239, "model": "admin.logentry", "fields": {"action_flag": 2, "action_time": "2014-02-22T11:25:33.176Z", "object_repr": "pencil", "object_id": "11", "change_message": "Changed available and onslide.", "user": 1, "content_type": 8}}, {"pk": 240, "model": "admin.logentry", "fields": {"action_flag": 2, "action_time": "2014-02-22T11:25:33.185Z", "object_repr": "perfume", "object_id": "10", "change_message": "Changed available and onslide.", "user": 1, "content_type": 8}}, {"pk": 241, "model": "admin.logentry", "fields": {"action_flag": 2, "action_time": "2014-02-22T11:25:33.191Z", "object_repr": "light", "object_id": "9", "change_message": "Changed available and onslide.", "user": 1, "content_type": 8}}, {"pk": 242, "model": "admin.logentry", "fields": {"action_flag": 2, "action_time": "2014-02-22T11:25:33.198Z", "object_repr": "pretty dress", "object_id": "8", "change_message": "Changed available, hotsale and onslide.", "user": 1, "content_type": 8}}, {"pk": 243, "model": "admin.logentry", "fields": {"action_flag": 2, "action_time": "2014-02-22T11:25:33.205Z", "object_repr": "cute one", "object_id": "7", "change_message": "Changed available, hotsale and onslide.", "user": 1, "content_type": 8}}, {"pk": 244, "model": "admin.logentry", "fields": {"action_flag": 2, "action_time": "2014-02-22T11:25:33.213Z", "object_repr": "luxury blanket", "object_id": "6", "change_message": "Changed available, hotsale and onslide.", "user": 1, "content_type": 8}}, {"pk": 245, "model": "admin.logentry", "fields": {"action_flag": 2, "action_time": "2014-02-22T11:25:33.223Z", "object_repr": "box", "object_id": "5", "change_message": "Changed available, hotsale and onslide.", "user": 1, "content_type": 8}}, {"pk": 246, "model": "admin.logentry", "fields": {"action_flag": 2, "action_time": "2014-02-22T11:25:33.230Z", "object_repr": "table", "object_id": "4", "change_message": "Changed available, hotsale and onslide.", "user": 1, "content_type": 8}}, {"pk": 247, "model": "admin.logentry", "fields": {"action_flag": 2, "action_time": "2014-02-22T11:25:33.237Z", "object_repr": "pony toy", "object_id": "3", "change_message": "Changed available and onslide.", "user": 1, "content_type": 8}}, {"pk": 248, "model": "admin.logentry", "fields": {"action_flag": 2, "action_time": "2014-02-22T11:25:33.244Z", "object_repr": "pretty chair", "object_id": "2", "change_message": "Changed onslide.", "user": 1, "content_type": 8}}, {"pk": 249, "model": "admin.logentry", "fields": {"action_flag": 2, "action_time": "2014-02-22T11:25:33.250Z", "object_repr": "Django Pony", "object_id": "1", "change_message": "Changed onslide.", "user": 1, "content_type": 8}}, {"pk": 250, "model": "admin.logentry", "fields": {"action_flag": 2, "action_time": "2014-02-22T11:31:05.703Z", "object_repr": "perfume", "object_id": "10", "change_message": "Changed content, categories and keywords. Changed _order for Image \"product/7.png\".", "user": 1, "content_type": 8}}, {"pk": 251, "model": "admin.logentry", "fields": {"action_flag": 2, "action_time": "2014-02-22T11:31:42.490Z", "object_repr": "ointment", "object_id": "21", "change_message": "Changed onslide.", "user": 1, "content_type": 8}}, {"pk": 252, "model": "admin.logentry", "fields": {"action_flag": 2, "action_time": "2014-02-22T11:32:22.038Z", "object_repr": "ointment", "object_id": "21", "change_message": "Changed onslide.", "user": 1, "content_type": 8}}, {"pk": 253, "model": "admin.logentry", "fields": {"action_flag": 2, "action_time": "2014-02-22T11:32:22.044Z", "object_repr": "pretty chair", "object_id": "2", "change_message": "Changed onslide.", "user": 1, "content_type": 8}}, {"pk": 254, "model": "admin.logentry", "fields": {"action_flag": 2, "action_time": "2014-02-22T11:32:22.050Z", "object_repr": "Django Pony", "object_id": "1", "change_message": "Changed onslide.", "user": 1, "content_type": 8}}, {"pk": 255, "model": "admin.logentry", "fields": {"action_flag": 2, "action_time": "2014-02-22T14:29:45.269Z", "object_repr": "threelegchair", "object_id": "23", "change_message": "Changed preorder.", "user": 1, "content_type": 8}}, {"pk": 256, "model": "admin.logentry", "fields": {"action_flag": 2, "action_time": "2014-02-22T14:29:45.276Z", "object_repr": "colorchair", "object_id": "22", "change_message": "Changed preorder.", "user": 1, "content_type": 8}}, {"pk": 257, "model": "admin.logentry", "fields": {"action_flag": 2, "action_time": "2014-02-22T14:29:45.282Z", "object_repr": "ointment", "object_id": "21", "change_message": "Changed preorder.", "user": 1, "content_type": 8}}, {"pk": 258, "model": "admin.logentry", "fields": {"action_flag": 2, "action_time": "2014-02-22T14:29:45.289Z", "object_repr": "hot sale leaf chair", "object_id": "20", "change_message": "Changed preorder.", "user": 1, "content_type": 8}}, {"pk": 259, "model": "admin.logentry", "fields": {"action_flag": 2, "action_time": "2014-02-22T14:29:45.296Z", "object_repr": "cute mug", "object_id": "19", "change_message": "Changed preorder.", "user": 1, "content_type": 8}}, {"pk": 260, "model": "admin.logentry", "fields": {"action_flag": 2, "action_time": "2014-02-23T11:24:08.922Z", "object_repr": "Contact", "object_id": "3", "change_message": "Changed email_from, email_copies and keywords. Changed _order for Field \"Name\". Changed _order for Field \"Email\". Changed _order for Field \"Subject\". Changed _order for Field \"Message\".", "user": 1, "content_type": 28}}, {"pk": 261, "model": "admin.logentry", "fields": {"action_flag": 2, "action_time": "2014-02-23T11:33:30.651Z", "object_repr": "Contact", "object_id": "3", "change_message": "Changed email_subject, email_message and keywords. Changed _order for Field \"Name\". Changed _order for Field \"Email\". Changed _order for Field \"Subject\". Changed _order for Field \"Message\".", "user": 1, "content_type": 28}}, {"pk": 262, "model": "admin.logentry", "fields": {"action_flag": 2, "action_time": "2014-03-11T11:21:53.045Z", "object_repr": "#3 dong jian 2014-03-10 16:29:34.413708+00:00", "object_id": "3", "change_message": "Changed status.", "user": 1, "content_type": 13}}, {"pk": 263, "model": "admin.logentry", "fields": {"action_flag": 2, "action_time": "2014-03-11T11:22:14.750Z", "object_repr": "#2 dong jian 2014-03-10 16:01:57.172185+00:00", "object_id": "2", "change_message": "Changed status.", "user": 1, "content_type": 13}}, {"pk": 264, "model": "admin.logentry", "fields": {"action_flag": 2, "action_time": "2014-03-15T05:14:31.629Z", "object_repr": "Contact", "object_id": "3", "change_message": "Changed publish_date, expiry_date and email_from.", "user": 1, "content_type": 28}}, {"pk": 265, "model": "admin.logentry", "fields": {"action_flag": 1, "action_time": "2014-03-15T05:48:02.031Z", "object_repr": "Contact / contact 2", "object_id": "8", "change_message": "", "user": 1, "content_type": 28}}, {"pk": 266, "model": "admin.logentry", "fields": {"action_flag": 2, "action_time": "2014-03-15T05:51:29.503Z", "object_repr": "Contact / compliant ", "object_id": "8", "change_message": "Changed title.", "user": 1, "content_type": 28}}]
